Año,Delito,id_dep,Departamento,Total delitos,Ratio
2013,ABIGEATO,2,ARTIGAS,51,65.81664257691513
2013,ABIGEATO,3,CANELONES,215,35.30609563846558
2013,ABIGEATO,4,CERRO LARGO,34,37.35401720482086
2013,ABIGEATO,5,COLONIA,12,8.836719515158656
2013,ABIGEATO,6,DURAZNO,62,99.98387356877922
2013,ABIGEATO,7,FLORES,15,57.097179399337676
2013,ABIGEATO,8,FLORIDA,76,108.0712132415676
2013,ABIGEATO,9,LAVALLEJA,25,42.248998698730844
2013,ABIGEATO,10,MALDONADO,43,20.192154174140896
2013,ABIGEATO,1,MONTEVIDEO,7,0.5372424114509382
2013,ABIGEATO,11,PAYSANDU,59,48.424957730757235
2013,ABIGEATO,12,RIO NEGRO,28,48.83323450416827
2013,ABIGEATO,13,RIVERA,64,58.55497305556318
2013,ABIGEATO,14,ROCHA,36,44.60413827282864
2013,ABIGEATO,15,SALTO,100,73.42413451301442
2013,ABIGEATO,16,SAN JOSE,33,27.56477722648223
2013,ABIGEATO,17,SORIANO,30,35.84914679030639
2013,ABIGEATO,18,TACUAREMBO,105,109.35677387102149
2013,ABIGEATO,19,TREINTA Y TRES,64,134.15784508961323
2013,HURTO,2,ARTIGAS,1784,2302.2919677885607
2013,HURTO,3,CANELONES,14914,2449.093536521282
2013,HURTO,4,CERRO LARGO,1211,1330.4622010305313
2013,HURTO,5,COLONIA,1881,1385.1557840011194
2013,HURTO,6,DURAZNO,1184,1909.369456539268
2013,HURTO,7,FLORES,843,3208.861482242777
2013,HURTO,8,FLORIDA,1476,2098.8567203230764
2013,HURTO,9,LAVALLEJA,1171,1978.9430990485528
2013,HURTO,10,MALDONADO,7038,3304.939094827991
2013,HURTO,1,MONTEVIDEO,50723,3892.9352622894203
2013,HURTO,11,PAYSANDU,4553,3736.929365222673
2013,HURTO,12,RIO NEGRO,617,1076.0752031811364
2013,HURTO,13,RIVERA,1236,1130.842917135564
2013,HURTO,14,ROCHA,1806,2237.640936686904
2013,HURTO,15,SALTO,3613,2652.813979955211
2013,HURTO,16,SAN JOSE,2465,2059.0053291902636
2013,HURTO,17,SORIANO,1955,2336.1693991683
2013,HURTO,18,TACUAREMBO,1549,1613.2727878686887
2013,HURTO,19,TREINTA Y TRES,1434,3005.9742165391467
2013,LESIONES,2,ARTIGAS,588,758.8271732397275
2013,LESIONES,3,CANELONES,1017,167.00604308985814
2013,LESIONES,4,CERRO LARGO,191,209.84168488590544
2013,LESIONES,5,COLONIA,147,108.24981406069352
2013,LESIONES,6,DURAZNO,270,435.41364296081275
2013,LESIONES,7,FLORES,99,376.8413840356286
2013,LESIONES,8,FLORIDA,167,237.47227120186565
2013,LESIONES,9,LAVALLEJA,197,332.922109745999
2013,LESIONES,10,MALDONADO,241,113.1699803713478
2013,LESIONES,1,MONTEVIDEO,4011,307.83990176138764
2013,LESIONES,11,PAYSANDU,222,182.20916298691705
2013,LESIONES,12,RIO NEGRO,52,90.69029265059821
2013,LESIONES,13,RIVERA,303,277.2212005599319
2013,LESIONES,14,ROCHA,130,161.0704993185479
2013,LESIONES,15,SALTO,558,409.70667058262046
2013,LESIONES,16,SAN JOSE,316,263.9536243505571
2013,LESIONES,17,SORIANO,244,291.5730605611586
2013,LESIONES,18,TACUAREMBO,443,461.38143642726214
2013,LESIONES,19,TREINTA Y TRES,174,364.741641337386
2013,RAPIÑA,2,ARTIGAS,31,40.00619450753665
2013,RAPIÑA,3,CANELONES,2436,400.026274303731
2013,RAPIÑA,4,CERRO LARGO,24,26.36754155634414
2013,RAPIÑA,5,COLONIA,41,30.19212501012541
2013,RAPIÑA,6,DURAZNO,23,37.090791807772945
2013,RAPIÑA,7,FLORES,8,30.45182901298009
2013,RAPIÑA,8,FLORIDA,30,42.65968943746089
2013,RAPIÑA,9,LAVALLEJA,49,82.80803744951245
2013,RAPIÑA,10,MALDONADO,268,125.8487748527851
2013,RAPIÑA,1,MONTEVIDEO,14565,1117.8479603975593
2013,RAPIÑA,11,PAYSANDU,82,67.30248362579819
2013,RAPIÑA,12,RIO NEGRO,24,41.85705814642994
2013,RAPIÑA,13,RIVERA,86,78.68324504341302
2013,RAPIÑA,14,ROCHA,23,28.49708834097386
2013,RAPIÑA,15,SALTO,118,86.64047872535703
2013,RAPIÑA,16,SAN JOSE,138,115.27088658347115
2013,RAPIÑA,17,SORIANO,52,62.13852110319774
2013,RAPIÑA,18,TACUAREMBO,24,24.995834027662056
2013,RAPIÑA,19,TREINTA Y TRES,13,27.250812283827692
2013,VIOLENCIA DOMÉSTICA,2,ARTIGAS,462,596.221350402643
2013,VIOLENCIA DOMÉSTICA,3,CANELONES,3337,547.9834471886495
2013,VIOLENCIA DOMÉSTICA,4,CERRO LARGO,447,491.0954614869096
2013,VIOLENCIA DOMÉSTICA,5,COLONIA,233,171.5796372526639
2013,VIOLENCIA DOMÉSTICA,6,DURAZNO,613,988.5502338332528
2013,VIOLENCIA DOMÉSTICA,7,FLORES,240,913.5548703894028
2013,VIOLENCIA DOMÉSTICA,8,FLORIDA,835,1187.3613560093283
2013,VIOLENCIA DOMÉSTICA,9,LAVALLEJA,390,659.0843797002011
2013,VIOLENCIA DOMÉSTICA,10,MALDONADO,1872,879.0630840463198
2013,VIOLENCIA DOMÉSTICA,1,MONTEVIDEO,10095,774.7803062281745
2013,VIOLENCIA DOMÉSTICA,11,PAYSANDU,1067,875.7530491308131
2013,VIOLENCIA DOMÉSTICA,12,RIO NEGRO,359,626.1118281070146
2013,VIOLENCIA DOMÉSTICA,13,RIVERA,1283,1173.8442254732431
2013,VIOLENCIA DOMÉSTICA,14,ROCHA,152,188.32858381860984
2013,VIOLENCIA DOMÉSTICA,15,SALTO,2000,1468.4826902602886
2013,VIOLENCIA DOMÉSTICA,16,SAN JOSE,1126,940.5436108187575
2013,VIOLENCIA DOMÉSTICA,17,SORIANO,473,565.2215477271641
2013,VIOLENCIA DOMÉSTICA,18,TACUAREMBO,722,751.9580069988335
2013,VIOLENCIA DOMÉSTICA,19,TREINTA Y TRES,582,1219.9979037836704
2014,ABIGEATO,2,ARTIGAS,65,83.88395622548008
2014,ABIGEATO,3,CANELONES,224,36.78402522333158
2014,ABIGEATO,4,CERRO LARGO,95,104.37151866052889
2014,ABIGEATO,5,COLONIA,10,7.36393292929888
2014,ABIGEATO,6,DURAZNO,58,93.53330108047089
2014,ABIGEATO,7,FLORES,12,45.677743519470134
2014,ABIGEATO,8,FLORIDA,83,118.02514077697514
2014,ABIGEATO,9,LAVALLEJA,44,74.35823770976627
2014,ABIGEATO,10,MALDONADO,51,23.94883402049269
2014,ABIGEATO,1,MONTEVIDEO,12,0.9209869910587513
2014,ABIGEATO,11,PAYSANDU,101,82.89696153909289
2014,ABIGEATO,12,RIO NEGRO,35,61.04154313021033
2014,ABIGEATO,13,RIVERA,80,73.19371631945398
2014,ABIGEATO,14,ROCHA,87,107.7933341593359
2014,ABIGEATO,15,SALTO,118,86.64047872535703
2014,ABIGEATO,16,SAN JOSE,40,33.41185118361483
2014,ABIGEATO,17,SORIANO,33,39.43406146933703
2014,ABIGEATO,18,TACUAREMBO,99,103.10781536410599
2014,ABIGEATO,19,TREINTA Y TRES,64,134.15784508961323
2014,HURTO,2,ARTIGAS,1829,2360.3654759446626
2014,HURTO,3,CANELONES,15885,2608.5457172884917
2014,HURTO,4,CERRO LARGO,1620,1779.8090550532295
2014,HURTO,5,COLONIA,1654,1217.9945065060347
2014,HURTO,6,DURAZNO,1484,2393.1623931623935
2014,HURTO,7,FLORES,834,3174.6031746031745
2014,HURTO,8,FLORIDA,1459,2074.682896308515
2014,HURTO,9,LAVALLEJA,1263,2134.419414259882
2014,HURTO,10,MALDONADO,8654,4063.788423791054
2014,HURTO,1,MONTEVIDEO,48944,3756.3989408649604
2014,HURTO,11,PAYSANDU,4154,3409.445329043484
2014,HURTO,12,RIO NEGRO,982,1712.6512958247586
2014,HURTO,13,RIVERA,1565,1431.8520754993183
2014,HURTO,14,ROCHA,3646,4517.408003964812
2014,HURTO,15,SALTO,3686,2706.413598149712
2014,HURTO,16,SAN JOSE,3012,2515.9123941261964
2014,HURTO,17,SORIANO,1796,2146.168921179676
2014,HURTO,18,TACUAREMBO,1780,1853.8576903849357
2014,HURTO,19,TREINTA Y TRES,1755,3678.859658316738
2014,LESIONES,2,ARTIGAS,475,612.9981416477391
2014,LESIONES,3,CANELONES,1446,237.45401996847085
2014,LESIONES,4,CERRO LARGO,250,274.6618912119181
2014,LESIONES,5,COLONIA,87,64.06621648490025
2014,LESIONES,6,DURAZNO,266,428.9630704725044
2014,LESIONES,7,FLORES,69,262.6470252369533
2014,LESIONES,8,FLORIDA,241,342.6995051476025
2014,LESIONES,9,LAVALLEJA,167,282.223311307522
2014,LESIONES,10,MALDONADO,516,242.30585008969072
2014,LESIONES,1,MONTEVIDEO,3920,300.8557504125254
2014,LESIONES,11,PAYSANDU,391,320.91794021569626
2014,LESIONES,12,RIO NEGRO,139,242.42212843140675
2014,LESIONES,13,RIVERA,439,401.65051830300365
2014,LESIONES,14,ROCHA,301,372.94015611448395
2014,LESIONES,15,SALTO,623,457.4323580160799
2014,LESIONES,16,SAN JOSE,314,262.2830317913764
2014,LESIONES,17,SORIANO,176,210.31499450313083
2014,LESIONES,18,TACUAREMBO,448,466.5889018496917
2014,LESIONES,19,TREINTA Y TRES,200,419.2432659050414
2014,RAPIÑA,2,ARTIGAS,29,37.4251497005988
2014,RAPIÑA,3,CANELONES,2402,394.44298476090387
2014,RAPIÑA,4,CERRO LARGO,39,42.84725502905923
2014,RAPIÑA,5,COLONIA,36,26.510158545475967
2014,RAPIÑA,6,DURAZNO,49,79.01951298177714
2014,RAPIÑA,7,FLORES,11,41.87126489284763
2014,RAPIÑA,8,FLORIDA,46,65.41152380410671
2014,RAPIÑA,9,LAVALLEJA,54,91.25783718925861
2014,RAPIÑA,10,MALDONADO,363,170.45934802821267
2014,RAPIÑA,1,MONTEVIDEO,16473,1264.2848919759008
2014,RAPIÑA,11,PAYSANDU,94,77.15162757103695
2014,RAPIÑA,12,RIO NEGRO,19,33.136837699257036
2014,RAPIÑA,13,RIVERA,113,103.38612430122875
2014,RAPIÑA,14,ROCHA,60,74.34023045471442
2014,RAPIÑA,15,SALTO,94,69.01868644223356
2014,RAPIÑA,16,SAN JOSE,140,116.9414791426519
2014,RAPIÑA,17,SORIANO,54,64.5284642225515
2014,RAPIÑA,18,TACUAREMBO,31,32.286285619063484
2014,RAPIÑA,19,TREINTA Y TRES,15,31.443244942878103
2014,VIOLENCIA DOMÉSTICA,2,ARTIGAS,565,729.1451579599421
2014,VIOLENCIA DOMÉSTICA,3,CANELONES,4513,741.0995796111404
2014,VIOLENCIA DOMÉSTICA,4,CERRO LARGO,718,788.8289515606289
2014,VIOLENCIA DOMÉSTICA,5,COLONIA,92,67.7481829495497
2014,VIOLENCIA DOMÉSTICA,6,DURAZNO,536,864.3767134333171
2014,VIOLENCIA DOMÉSTICA,7,FLORES,313,1191.4278101328462
2014,VIOLENCIA DOMÉSTICA,8,FLORIDA,691,982.5948467095159
2014,VIOLENCIA DOMÉSTICA,9,LAVALLEJA,510,861.8795734541092
2014,VIOLENCIA DOMÉSTICA,10,MALDONADO,1811,850.4184002178874
2014,VIOLENCIA DOMÉSTICA,1,MONTEVIDEO,10590,812.771019609348
2014,VIOLENCIA DOMÉSTICA,11,PAYSANDU,1426,1170.4066054925393
2014,VIOLENCIA DOMÉSTICA,12,RIO NEGRO,377,657.504621716837
2014,VIOLENCIA DOMÉSTICA,13,RIVERA,1282,1172.92930401925
2014,VIOLENCIA DOMÉSTICA,14,ROCHA,562,696.3201585924917
2014,VIOLENCIA DOMÉSTICA,15,SALTO,2017,1480.964793127501
2014,VIOLENCIA DOMÉSTICA,16,SAN JOSE,1306,1090.8969411450241
2014,VIOLENCIA DOMÉSTICA,17,SORIANO,513,613.0204101142392
2014,VIOLENCIA DOMÉSTICA,18,TACUAREMBO,907,944.6342276287285
2014,VIOLENCIA DOMÉSTICA,19,TREINTA Y TRES,658,1379.3103448275863
2015,ABIGEATO,2,ARTIGAS,63,81.30291141854222
2015,ABIGEATO,3,CANELONES,286,46.96531791907514
2015,ABIGEATO,4,CERRO LARGO,98,107.66746135507191
2015,ABIGEATO,5,COLONIA,85,62.59342989904048
2015,ABIGEATO,6,DURAZNO,78,125.78616352201257
2015,ABIGEATO,7,FLORES,28,106.58140154543032
2015,ABIGEATO,8,FLORIDA,133,189.1246231727433
2015,ABIGEATO,9,LAVALLEJA,53,89.56787724130938
2015,ABIGEATO,10,MALDONADO,42,19.72256919334692
2015,ABIGEATO,1,MONTEVIDEO,11,0.8442380751371886
2015,ABIGEATO,11,PAYSANDU,83,68.12324562123476
2015,ABIGEATO,12,RIO NEGRO,33,57.55345495134117
2015,ABIGEATO,13,RIVERA,74,67.70418759549493
2015,ABIGEATO,14,ROCHA,121,149.91946475034072
2015,ABIGEATO,15,SALTO,88,64.6132383714527
2015,ABIGEATO,16,SAN JOSE,51,42.60011025910891
2015,ABIGEATO,17,SORIANO,91,108.74241193059605
2015,ABIGEATO,18,TACUAREMBO,84,87.4854190968172
2015,ABIGEATO,19,TREINTA Y TRES,66,138.35027774866367
2015,HURTO,2,ARTIGAS,2234,2883.027049349577
2015,HURTO,3,CANELONES,17211,2826.2940094587493
2015,HURTO,4,CERRO LARGO,1984,2179.7167686577823
2015,HURTO,5,COLONIA,2746,2022.1359823854725
2015,HURTO,6,DURAZNO,1627,2623.770359619416
2015,HURTO,7,FLORES,851,3239.313311255757
2015,HURTO,8,FLORIDA,1870,2659.1206416017294
2015,HURTO,9,LAVALLEJA,1560,2636.3375188008044
2015,HURTO,10,MALDONADO,8245,3871.728166646318
2015,HURTO,1,MONTEVIDEO,47150,3618.711385701677
2015,HURTO,11,PAYSANDU,4835,3968.3842479357836
2015,HURTO,12,RIO NEGRO,1165,2031.8113641912869
2015,HURTO,13,RIVERA,1771,1620.3258950219124
2015,HURTO,14,ROCHA,4233,5244.703258580102
2015,HURTO,15,SALTO,3884,2851.79338448548
2015,HURTO,16,SAN JOSE,3201,2673.7833909687765
2015,HURTO,17,SORIANO,1964,2346.924143205392
2015,HURTO,18,TACUAREMBO,1374,1431.0114980836527
2015,HURTO,19,TREINTA Y TRES,1463,3066.764490095378
2015,LESIONES,2,ARTIGAS,463,597.5118728061119
2015,LESIONES,3,CANELONES,1571,257.9808197582764
2015,LESIONES,4,CERRO LARGO,293,321.90373650036804
2015,LESIONES,5,COLONIA,179,131.81439943444994
2015,LESIONES,6,DURAZNO,264,425.7377842283503
2015,LESIONES,7,FLORES,56,213.16280309086065
2015,LESIONES,8,FLORIDA,219,311.4157328934645
2015,LESIONES,9,LAVALLEJA,163,275.4634715157251
2015,LESIONES,10,MALDONADO,433,203.33029668379086
2015,LESIONES,1,MONTEVIDEO,3982,305.6141831996623
2015,LESIONES,11,PAYSANDU,406,333.2293701472447
2015,LESIONES,12,RIO NEGRO,157,273.81492204122924
2015,LESIONES,13,RIVERA,441,403.48036121099
2015,LESIONES,14,ROCHA,369,457.19241729649366
2015,LESIONES,15,SALTO,532,390.61639560923675
2015,LESIONES,16,SAN JOSE,345,288.1772164586779
2015,LESIONES,17,SORIANO,223,266.47865780794416
2015,LESIONES,18,TACUAREMBO,418,435.34410931511417
2015,LESIONES,19,TREINTA Y TRES,175,366.8378576669112
2015,RAPIÑA,2,ARTIGAS,35,45.16828412141235
2015,RAPIÑA,3,CANELONES,2797,459.30767209668943
2015,RAPIÑA,4,CERRO LARGO,34,37.35401720482086
2015,RAPIÑA,5,COLONIA,51,37.556057939424285
2015,RAPIÑA,6,DURAZNO,29,46.766650540235446
2015,RAPIÑA,7,FLORES,14,53.29070077271516
2015,RAPIÑA,8,FLORIDA,29,41.23769978954553
2015,RAPIÑA,9,LAVALLEJA,44,74.35823770976627
2015,RAPIÑA,10,MALDONADO,251,117.86583017928754
2015,RAPIÑA,1,MONTEVIDEO,17217,1321.3860854215434
2015,RAPIÑA,11,PAYSANDU,79,64.84019763948851
2015,RAPIÑA,12,RIO NEGRO,14,24.416617252084134
2015,RAPIÑA,13,RIVERA,118,107.96073157119461
2015,RAPIÑA,14,ROCHA,74,91.68628422748111
2015,RAPIÑA,15,SALTO,74,54.33385953963068
2015,RAPIÑA,16,SAN JOSE,215,179.5887001119297
2015,RAPIÑA,17,SORIANO,73,87.23292385641221
2015,RAPIÑA,18,TACUAREMBO,22,22.912847858690217
2015,RAPIÑA,19,TREINTA Y TRES,21,44.02054292002935
2015,VIOLENCIA DOMÉSTICA,2,ARTIGAS,557,718.8209787321908
2015,VIOLENCIA DOMÉSTICA,3,CANELONES,4748,779.6899632159748
2015,VIOLENCIA DOMÉSTICA,4,CERRO LARGO,733,805.3086650333439
2015,VIOLENCIA DOMÉSTICA,5,COLONIA,630,463.9277745458295
2015,VIOLENCIA DOMÉSTICA,6,DURAZNO,584,941.7835832930172
2015,VIOLENCIA DOMÉSTICA,7,FLORES,346,1317.041604811389
2015,VIOLENCIA DOMÉSTICA,8,FLORIDA,782,1111.995904669814
2015,VIOLENCIA DOMÉSTICA,9,LAVALLEJA,536,905.8185321007892
2015,VIOLENCIA DOMÉSTICA,10,MALDONADO,2149,1009.1381237262508
2015,VIOLENCIA DOMÉSTICA,1,MONTEVIDEO,10900,836.5631835450324
2015,VIOLENCIA DOMÉSTICA,11,PAYSANDU,1430,1173.6896534742857
2015,VIOLENCIA DOMÉSTICA,12,RIO NEGRO,410,715.0580766681782
2015,VIOLENCIA DOMÉSTICA,13,RIVERA,1186,1085.0968444359053
2015,VIOLENCIA DOMÉSTICA,14,ROCHA,826,1023.4171725932351
2015,VIOLENCIA DOMÉSTICA,15,SALTO,2118,1555.1231689856456
2015,VIOLENCIA DOMÉSTICA,16,SAN JOSE,1390,1161.0618286306153
2015,VIOLENCIA DOMÉSTICA,17,SORIANO,563,672.7689880980832
2015,VIOLENCIA DOMÉSTICA,18,TACUAREMBO,901,938.3852691218132
2015,VIOLENCIA DOMÉSTICA,19,TREINTA Y TRES,579,1213.709254795095
2016,ABIGEATO,2,ARTIGAS,82,105.82283708445179
2016,ABIGEATO,3,CANELONES,241,39.57566999474514
2016,ABIGEATO,4,CERRO LARGO,103,113.16069917931028
2016,ABIGEATO,5,COLONIA,63,46.39277745458294
2016,ABIGEATO,6,DURAZNO,119,191.90453152717305
2016,ABIGEATO,7,FLORES,35,133.2267519317879
2016,ABIGEATO,8,FLORIDA,98,139.3549854957056
2016,ABIGEATO,9,LAVALLEJA,79,133.50683588798947
2016,ABIGEATO,10,MALDONADO,26,12.209209500643333
2016,ABIGEATO,1,MONTEVIDEO,10,0.7674891592156261
2016,ABIGEATO,11,PAYSANDU,82,67.30248362579819
2016,ABIGEATO,12,RIO NEGRO,43,74.99389584568698
2016,ABIGEATO,13,RIVERA,48,43.916229791672386
2016,ABIGEATO,14,ROCHA,118,146.202453227605
2016,ABIGEATO,15,SALTO,100,73.42413451301442
2016,ABIGEATO,16,SAN JOSE,57,47.61188793665113
2016,ABIGEATO,17,SORIANO,150,179.24573395153197
2016,ABIGEATO,18,TACUAREMBO,95,98.94184302616232
2016,ABIGEATO,19,TREINTA Y TRES,76,159.31244104391573
2016,HURTO,2,ARTIGAS,2286,2950.1342143299607
2016,HURTO,3,CANELONES,17448,2865.2128218602206
2016,HURTO,4,CERRO LARGO,1785,1961.0859032530955
2016,HURTO,5,COLONIA,3060,2253.3634763654572
2016,HURTO,6,DURAZNO,1946,3138.203515562006
2016,HURTO,7,FLORES,875,3330.6687982946974
2016,HURTO,8,FLORIDA,1778,2528.297593993516
2016,HURTO,9,LAVALLEJA,1686,2849.2724722424077
2016,HURTO,10,MALDONADO,9465,4444.621843214966
2016,HURTO,1,MONTEVIDEO,49258,3780.498100464331
2016,HURTO,11,PAYSANDU,4776,3919.9592902050267
2016,HURTO,12,RIO NEGRO,1146,1998.6745264920298
2016,HURTO,13,RIVERA,2092,1914.0156817537213
2016,HURTO,14,ROCHA,3868,4792.466856647256
2016,HURTO,15,SALTO,5266,3866.51492345534
2016,HURTO,16,SAN JOSE,3355,2802.4190180256937
2016,HURTO,17,SORIANO,2017,2410.2576358682663
2016,HURTO,18,TACUAREMBO,1307,1361.231461423096
2016,HURTO,19,TREINTA Y TRES,1621,3397.9666701603605
2016,LESIONES,2,ARTIGAS,469,605.2550072269254
2016,LESIONES,3,CANELONES,1536,252.23331581713083
2016,LESIONES,4,CERRO LARGO,291,319.70644137067274
2016,LESIONES,5,COLONIA,218,160.5337378587156
2016,LESIONES,6,DURAZNO,236,380.5837768101919
2016,LESIONES,7,FLORES,76,289.2923756233109
2016,LESIONES,8,FLORIDA,187,265.9120641601729
2016,LESIONES,9,LAVALLEJA,159,268.70363172392814
2016,LESIONES,10,MALDONADO,406,190.65150220235356
2016,LESIONES,1,MONTEVIDEO,3724,285.81296289189913
2016,LESIONES,11,PAYSANDU,407,334.05013214268126
2016,LESIONES,12,RIO NEGRO,136,237.18999616310302
2016,LESIONES,13,RIVERA,482,440.9921408247102
2016,LESIONES,14,ROCHA,372,460.90942881922933
2016,LESIONES,15,SALTO,496,364.18370718455157
2016,LESIONES,16,SAN JOSE,349,291.51840157703936
2016,LESIONES,17,SORIANO,202,241.3842550547297
2016,LESIONES,18,TACUAREMBO,309,321.82136310614897
2016,LESIONES,19,TREINTA Y TRES,115,241.0648778953988
2016,RAPIÑA,2,ARTIGAS,37,47.749328928350195
2016,RAPIÑA,3,CANELONES,2683,440.58723068838674
2016,RAPIÑA,4,CERRO LARGO,51,56.031025807231295
2016,RAPIÑA,5,COLONIA,25,18.4098323232472
2016,RAPIÑA,6,DURAZNO,17,27.414933075310433
2016,RAPIÑA,7,FLORES,17,64.71013665258269
2016,RAPIÑA,8,FLORIDA,17,24.173824014561177
2016,RAPIÑA,9,LAVALLEJA,42,70.97831781386782
2016,RAPIÑA,10,MALDONADO,393,184.54689745203189
2016,RAPIÑA,1,MONTEVIDEO,16370,1256.3797536359798
2016,RAPIÑA,11,PAYSANDU,93,76.33086557560038
2016,RAPIÑA,12,RIO NEGRO,9,15.69639680491123
2016,RAPIÑA,13,RIVERA,108,98.81151703126287
2016,RAPIÑA,14,ROCHA,71,87.96927270474539
2016,RAPIÑA,15,SALTO,92,67.55020375197329
2016,RAPIÑA,16,SAN JOSE,247,206.31818105882158
2016,RAPIÑA,17,SORIANO,63,75.28320825964342
2016,RAPIÑA,18,TACUAREMBO,27,28.120313281119813
2016,RAPIÑA,19,TREINTA Y TRES,16,33.53946127240331
2016,VIOLENCIA DOMÉSTICA,2,ARTIGAS,578,745.9219492050382
2016,VIOLENCIA DOMÉSTICA,3,CANELONES,4721,775.2561744613768
2016,VIOLENCIA DOMÉSTICA,4,CERRO LARGO,656,720.7128025400732
2016,VIOLENCIA DOMÉSTICA,5,COLONIA,669,492.64711297009507
2016,VIOLENCIA DOMÉSTICA,6,DURAZNO,710,1144.97661667473
2016,VIOLENCIA DOMÉSTICA,7,FLORES,371,1412.2035704769519
2016,VIOLENCIA DOMÉSTICA,8,FLORIDA,824,1171.719469882259
2016,VIOLENCIA DOMÉSTICA,9,LAVALLEJA,633,1069.7446470518648
2016,VIOLENCIA DOMÉSTICA,10,MALDONADO,1721,808.1557519464297
2016,VIOLENCIA DOMÉSTICA,1,MONTEVIDEO,10367,795.6560113588396
2016,VIOLENCIA DOMÉSTICA,11,PAYSANDU,1825,1497.890641671728
2016,VIOLENCIA DOMÉSTICA,12,RIO NEGRO,499,870.2780006278559
2016,VIOLENCIA DOMÉSTICA,13,RIVERA,1140,1043.0104575522191
2016,VIOLENCIA DOMÉSTICA,14,ROCHA,758,939.1649114112255
2016,VIOLENCIA DOMÉSTICA,15,SALTO,1759,1291.5305260839239
2016,VIOLENCIA DOMÉSTICA,16,SAN JOSE,1324,1105.932274177651
2016,VIOLENCIA DOMÉSTICA,17,SORIANO,639,763.5868266335261
2016,VIOLENCIA DOMÉSTICA,18,TACUAREMBO,806,839.4434260956507
2016,VIOLENCIA DOMÉSTICA,19,TREINTA Y TRES,459,962.16329525207
2017,ABIGEATO,2,ARTIGAS,103,132.9238075572992
2017,ABIGEATO,3,CANELONES,229,37.60509721492381
2017,ABIGEATO,4,CERRO LARGO,86,94.48369057689983
2017,ABIGEATO,5,COLONIA,69,50.81113721216227
2017,ABIGEATO,6,DURAZNO,142,228.995323334946
2017,ABIGEATO,7,FLORES,38,144.64618781165544
2017,ABIGEATO,8,FLORIDA,156,221.83038507479665
2017,ABIGEATO,9,LAVALLEJA,89,150.4064353674818
2017,ABIGEATO,10,MALDONADO,43,20.192154174140896
2017,ABIGEATO,1,MONTEVIDEO,6,0.46049349552937563
2017,ABIGEATO,11,PAYSANDU,58,47.60419573532067
2017,ABIGEATO,12,RIO NEGRO,61,106.38668945550944
2017,ABIGEATO,13,RIVERA,53,48.49083706163826
2017,ABIGEATO,14,ROCHA,150,185.85057613678603
2017,ABIGEATO,15,SALTO,106,77.8295825837953
2017,ABIGEATO,16,SAN JOSE,52,43.435406538699276
2017,ABIGEATO,17,SORIANO,115,137.42172936284115
2017,ABIGEATO,18,TACUAREMBO,42,43.7427095484086
2017,ABIGEATO,19,TREINTA Y TRES,40,83.84865318100827
2017,HURTO,2,ARTIGAS,2362,3048.213916993599
2017,HURTO,3,CANELONES,18195,2987.8809774040988
2017,HURTO,4,CERRO LARGO,1892,2078.6411926917963
2017,HURTO,5,COLONIA,3355,2470.599497779774
2017,HURTO,6,DURAZNO,2183,3520.399935494275
2017,HURTO,7,FLORES,611,2325.7584408663547
2017,HURTO,8,FLORIDA,1603,2279.449405608327
2017,HURTO,9,LAVALLEJA,1936,3271.762459229716
2017,HURTO,10,MALDONADO,9303,4368.549076326342
2017,HURTO,1,MONTEVIDEO,49101,3768.4485206646455
2017,HURTO,11,PAYSANDU,3866,3173.0658743577533
2017,HURTO,12,RIO NEGRO,1245,2171.334891346053
2017,HURTO,13,RIVERA,2120,1939.6334824655303
2017,HURTO,14,ROCHA,4246,5260.8103085119565
2017,HURTO,15,SALTO,5563,4084.5846029589925
2017,HURTO,16,SAN JOSE,3050,2547.6536527506305
2017,HURTO,17,SORIANO,1824,2179.6281248506284
2017,HURTO,18,TACUAREMBO,1616,1683.052824529245
2017,HURTO,19,TREINTA Y TRES,1607,3368.6196415470076
2017,LESIONES,2,ARTIGAS,477,615.5791864546768
2017,LESIONES,3,CANELONES,1852,304.1250656857593
2017,LESIONES,4,CERRO LARGO,292,320.80508893552036
2017,LESIONES,5,COLONIA,323,237.8550336163538
2017,LESIONES,6,DURAZNO,254,409.6113530075794
2017,LESIONES,7,FLORES,83,315.9377260096685
2017,LESIONES,8,FLORIDA,205,291.50787782264945
2017,LESIONES,9,LAVALLEJA,168,283.9132712554713
2017,LESIONES,10,MALDONADO,480,225.40079078110764
2017,LESIONES,1,MONTEVIDEO,3777,289.88065543574197
2017,LESIONES,11,PAYSANDU,433,355.38994402403193
2017,LESIONES,12,RIO NEGRO,176,306.95175974048624
2017,LESIONES,13,RIVERA,479,438.24737646273064
2017,LESIONES,14,ROCHA,418,517.9036055011771
2017,LESIONES,15,SALTO,584,428.7969455560043
2017,LESIONES,16,SAN JOSE,422,352.49502998713643
2017,LESIONES,17,SORIANO,286,341.76186606758756
2017,LESIONES,18,TACUAREMBO,297,309.32344609231797
2017,LESIONES,19,TREINTA Y TRES,137,287.18163714495336
2017,RAPIÑA,2,ARTIGAS,34,43.87776171794342
2017,RAPIÑA,3,CANELONES,2427,398.54834471886494
2017,RAPIÑA,4,CERRO LARGO,32,35.15672207512552
2017,RAPIÑA,5,COLONIA,35,25.77376525254608
2017,RAPIÑA,6,DURAZNO,34,54.829866150620866
2017,RAPIÑA,7,FLORES,19,72.32309390582772
2017,RAPIÑA,8,FLORIDA,19,27.0178033103919
2017,RAPIÑA,9,LAVALLEJA,27,45.628918594629305
2017,RAPIÑA,10,MALDONADO,295,138.52756933422242
2017,RAPIÑA,1,MONTEVIDEO,15684,1203.7299973137879
2017,RAPIÑA,11,PAYSANDU,102,83.71772353452945
2017,RAPIÑA,12,RIO NEGRO,21,36.6249258781262
2017,RAPIÑA,13,RIVERA,112,102.47120284723556
2017,RAPIÑA,14,ROCHA,74,91.68628422748111
2017,RAPIÑA,15,SALTO,164,120.41558060134368
2017,RAPIÑA,16,SAN JOSE,256,213.8358475751349
2017,RAPIÑA,17,SORIANO,60,71.69829358061278
2017,RAPIÑA,18,TACUAREMBO,35,36.45225795700717
2017,RAPIÑA,19,TREINTA Y TRES,18,37.731893931453726
2017,VIOLENCIA DOMÉSTICA,2,ARTIGAS,859,1108.558744579806
2017,VIOLENCIA DOMÉSTICA,3,CANELONES,5519,906.2992643194955
2017,VIOLENCIA DOMÉSTICA,4,CERRO LARGO,810,889.9045275266147
2017,VIOLENCIA DOMÉSTICA,5,COLONIA,1081,796.041149657209
2017,VIOLENCIA DOMÉSTICA,6,DURAZNO,940,1515.8845347524593
2017,VIOLENCIA DOMÉSTICA,7,FLORES,357,1358.9128697042365
2017,VIOLENCIA DOMÉSTICA,8,FLORIDA,880,1251.3508901655196
2017,VIOLENCIA DOMÉSTICA,9,LAVALLEJA,866,1463.5053149240364
2017,VIOLENCIA DOMÉSTICA,10,MALDONADO,2037,956.5446058773256
2017,VIOLENCIA DOMÉSTICA,1,MONTEVIDEO,12278,942.3231896849456
2017,VIOLENCIA DOMÉSTICA,11,PAYSANDU,2056,1687.4866626175742
2017,VIOLENCIA DOMÉSTICA,12,RIO NEGRO,665,1159.7893194739963
2017,VIOLENCIA DOMÉSTICA,13,RIVERA,1307,1195.8023403690793
2017,VIOLENCIA DOMÉSTICA,14,ROCHA,775,960.2279767067278
2017,VIOLENCIA DOMÉSTICA,15,SALTO,1545,1134.402878226073
2017,VIOLENCIA DOMÉSTICA,16,SAN JOSE,1412,1179.4383467816035
2017,VIOLENCIA DOMÉSTICA,17,SORIANO,773,923.713015630228
2017,VIOLENCIA DOMÉSTICA,18,TACUAREMBO,873,909.2234627562073
2017,VIOLENCIA DOMÉSTICA,19,TREINTA Y TRES,639,1339.4822345666073
2018,ABIGEATO,2,ARTIGAS,142,183.25418129258725
2018,ABIGEATO,3,CANELONES,218,35.79873883342091
2018,ABIGEATO,4,CERRO LARGO,97,106.56881379022423
2018,ABIGEATO,5,COLONIA,79,58.175070141461156
2018,ABIGEATO,6,DURAZNO,177,285.43783260764394
2018,ABIGEATO,7,FLORES,48,182.71097407788054
2018,ABIGEATO,8,FLORIDA,90,127.9790683123827
2018,ABIGEATO,9,LAVALLEJA,105,177.44579453466955
2018,ABIGEATO,10,MALDONADO,42,19.72256919334692
2018,ABIGEATO,1,MONTEVIDEO,3,0.23024674776468781
2018,ABIGEATO,11,PAYSANDU,97,79.61391355734663
2018,ABIGEATO,12,RIO NEGRO,90,156.96396804911228
2018,ABIGEATO,13,RIVERA,58,53.06544433160413
2018,ABIGEATO,14,ROCHA,143,177.17754925040268
2018,ABIGEATO,15,SALTO,109,80.03230661918573
2018,ABIGEATO,16,SAN JOSE,47,39.25892514074742
2018,ABIGEATO,17,SORIANO,117,139.81167248219492
2018,ABIGEATO,18,TACUAREMBO,55,57.28211964672555
2018,ABIGEATO,19,TREINTA Y TRES,77,161.40865737344095
2018,HURTO,2,ARTIGAS,2983,3849.628329547801
2018,HURTO,3,CANELONES,23532,3864.2932212296373
2018,HURTO,4,CERRO LARGO,2334,2564.2434163544676
2018,HURTO,5,COLONIA,3869,2849.1056503457366
2018,HURTO,6,DURAZNO,2242,3615.545879696823
2018,HURTO,7,FLORES,784,2984.279243272049
2018,HURTO,8,FLORIDA,1585,2253.853591945851
2018,HURTO,9,LAVALLEJA,1819,3074.037145319656
2018,HURTO,10,MALDONADO,11869,5573.50413704368
2018,HURTO,1,MONTEVIDEO,64861,4978.0114355884725
2018,HURTO,11,PAYSANDU,5236,4297.509808105846
2018,HURTO,12,RIO NEGRO,1590,2773.030102200984
2018,HURTO,13,RIVERA,3029,2771.297084145326
2018,HURTO,14,ROCHA,4973,6161.566100854913
2018,HURTO,15,SALTO,5839,4287.235214214912
2018,HURTO,16,SAN JOSE,3659,3056.3490870211667
2018,HURTO,17,SORIANO,1805,2156.923665216768
2018,HURTO,18,TACUAREMBO,1809,1884.0609898350274
2018,HURTO,19,TREINTA Y TRES,2155,4517.346190126821
2018,LESIONES,2,ARTIGAS,435,561.377245508982
2018,LESIONES,3,CANELONES,2017,331.2204414083027
2018,LESIONES,4,CERRO LARGO,301,330.69291701914943
2018,LESIONES,5,COLONIA,356,262.1560122830401
2018,LESIONES,6,DURAZNO,239,385.42170617642313
2018,LESIONES,7,FLORES,92,350.19603364927104
2018,LESIONES,8,FLORIDA,164,233.20630225811956
2018,LESIONES,9,LAVALLEJA,186,314.3325503185575
2018,LESIONES,10,MALDONADO,630,295.8385379002038
2018,LESIONES,1,MONTEVIDEO,4237,325.1851567596608
2018,LESIONES,11,PAYSANDU,429,352.10689604228565
2018,LESIONES,12,RIO NEGRO,171,298.23153929331335
2018,LESIONES,13,RIVERA,558,510.52617132819154
2018,LESIONES,14,ROCHA,384,475.7774749101722
2018,LESIONES,15,SALTO,548,402.36425713131905
2018,LESIONES,16,SAN JOSE,507,423.49521375231797
2018,LESIONES,17,SORIANO,301,359.6864394627408
2018,LESIONES,18,TACUAREMBO,324,337.4437593734378
2018,LESIONES,19,TREINTA Y TRES,190,398.2811026097893
2018,RAPIÑA,2,ARTIGAS,64,82.59343382201115
2018,RAPIÑA,3,CANELONES,4199,689.5362585391488
2018,RAPIÑA,4,CERRO LARGO,43,47.241845288449916
2018,RAPIÑA,5,COLONIA,74,54.493103676811714
2018,RAPIÑA,6,DURAZNO,42,67.73101112723754
2018,RAPIÑA,7,FLORES,15,57.097179399337676
2018,RAPIÑA,8,FLORIDA,20,28.439792958307265
2018,RAPIÑA,9,LAVALLEJA,39,65.9084379700201
2018,RAPIÑA,10,MALDONADO,558,262.02841928303764
2018,RAPIÑA,1,MONTEVIDEO,23477,1801.8342990905253
2018,RAPIÑA,11,PAYSANDU,147,120.6520133291748
2018,RAPIÑA,12,RIO NEGRO,40,69.76176357738323
2018,RAPIÑA,13,RIVERA,177,161.94109735679191
2018,RAPIÑA,14,ROCHA,111,137.52942634122167
2018,RAPIÑA,15,SALTO,300,220.2724035390433
2018,RAPIÑA,16,SAN JOSE,441,368.36565929935347
2018,RAPIÑA,17,SORIANO,70,83.64800917738158
2018,RAPIÑA,18,TACUAREMBO,42,43.7427095484086
2018,RAPIÑA,19,TREINTA Y TRES,26,54.501624567655384
2018,VIOLENCIA DOMÉSTICA,2,ARTIGAS,765,987.2496386537271
2018,VIOLENCIA DOMÉSTICA,3,CANELONES,5953,977.5683131897003
2018,VIOLENCIA DOMÉSTICA,4,CERRO LARGO,758,832.7748541545358
2018,VIOLENCIA DOMÉSTICA,5,COLONIA,1280,942.5834149502566
2018,VIOLENCIA DOMÉSTICA,6,DURAZNO,870,1402.9995162070634
2018,VIOLENCIA DOMÉSTICA,7,FLORES,360,1370.3323055841042
2018,VIOLENCIA DOMÉSTICA,8,FLORIDA,812,1154.655594107275
2018,VIOLENCIA DOMÉSTICA,9,LAVALLEJA,996,1683.2001081574367
2018,VIOLENCIA DOMÉSTICA,10,MALDONADO,1668,783.2677479643492
2018,VIOLENCIA DOMÉSTICA,1,MONTEVIDEO,12763,979.5464139069036
2018,VIOLENCIA DOMÉSTICA,11,PAYSANDU,1955,1604.5897010784813
2018,VIOLENCIA DOMÉSTICA,12,RIO NEGRO,783,1365.586522027277
2018,VIOLENCIA DOMÉSTICA,13,RIVERA,1566,1432.7669969533115
2018,VIOLENCIA DOMÉSTICA,14,ROCHA,711,880.9317308883657
2018,VIOLENCIA DOMÉSTICA,15,SALTO,1597,1172.5834281728403
2018,VIOLENCIA DOMÉSTICA,16,SAN JOSE,1501,1253.7797156651463
2018,VIOLENCIA DOMÉSTICA,17,SORIANO,947,1131.638067014005
2018,VIOLENCIA DOMÉSTICA,18,TACUAREMBO,1066,1110.2316280619896
2018,VIOLENCIA DOMÉSTICA,19,TREINTA Y TRES,595,1247.2487160674982
2019,ABIGEATO,2,ARTIGAS,158,203.90253974809
2019,ABIGEATO,3,CANELONES,353,57.967682606410925
2019,ABIGEATO,4,CERRO LARGO,95,104.37151866052889
2019,ABIGEATO,5,COLONIA,63,46.39277745458294
2019,ABIGEATO,6,DURAZNO,116,187.06660216094178
2019,ABIGEATO,7,FLORES,28,106.58140154543032
2019,ABIGEATO,8,FLORIDA,106,150.7309026790285
2019,ABIGEATO,9,LAVALLEJA,95,160.54619505517718
2019,ABIGEATO,10,MALDONADO,66,30.992608732402303
2019,ABIGEATO,1,MONTEVIDEO,14,1.0744848229018764
2019,ABIGEATO,11,PAYSANDU,140,114.90667936111888
2019,ABIGEATO,12,RIO NEGRO,126,219.74955526875718
2019,ABIGEATO,13,RIVERA,87,79.5981664974062
2019,ABIGEATO,14,ROCHA,150,185.85057613678603
2019,ABIGEATO,15,SALTO,232,170.34399207019348
2019,ABIGEATO,16,SAN JOSE,49,40.92951769992817
2019,ABIGEATO,17,SORIANO,91,108.74241193059605
2019,ABIGEATO,18,TACUAREMBO,70,72.90451591401434
2019,ABIGEATO,19,TREINTA Y TRES,62,129.96541243056285
2019,HURTO,2,ARTIGAS,2736,3530.8692958909764
2019,HURTO,3,CANELONES,21774,3575.604308985812
2019,HURTO,4,CERRO LARGO,2412,2649.937926412586
2019,HURTO,5,COLONIA,3682,2711.400104567848
2019,HURTO,6,DURAZNO,1894,3054.346073213998
2019,HURTO,7,FLORES,602,2291.500133226752
2019,HURTO,8,FLORIDA,1773,2521.187645753939
2019,HURTO,9,LAVALLEJA,1713,2894.901390837037
2019,HURTO,10,MALDONADO,10733,5040.055598861726
2019,HURTO,1,MONTEVIDEO,63983,4910.62588740934
2019,HURTO,11,PAYSANDU,5013,4114.479883123492
2019,HURTO,12,RIO NEGRO,1333,2324.8107712162964
2019,HURTO,13,RIVERA,3042,2783.1910630472375
2019,HURTO,14,ROCHA,4644,5753.933837194895
2019,HURTO,15,SALTO,5002,3672.6752083409815
2019,HURTO,16,SAN JOSE,4208,3514.92674451628
2019,HURTO,17,SORIANO,1764,2107.9298312700157
2019,HURTO,18,TACUAREMBO,1890,1968.4219296783867
2019,HURTO,19,TREINTA Y TRES,1834,3844.4607483492296
2019,LESIONES,2,ARTIGAS,431,556.2151558951064
2019,LESIONES,3,CANELONES,2165,355.5241723594325
2019,LESIONES,4,CERRO LARGO,276,303.2267278979576
2019,LESIONES,5,COLONIA,368,270.9927317981988
2019,LESIONES,6,DURAZNO,235,378.97113368811483
2019,LESIONES,7,FLORES,117,445.3579993148339
2019,LESIONES,8,FLORIDA,186,264.49007451225754
2019,LESIONES,9,LAVALLEJA,221,373.48114849678063
2019,LESIONES,10,MALDONADO,589,276.5855536876509
2019,LESIONES,1,MONTEVIDEO,4422,339.38370620514985
2019,LESIONES,11,PAYSANDU,392,321.7387022111328
2019,LESIONES,12,RIO NEGRO,190,331.3683769925704
2019,LESIONES,13,RIVERA,567,518.7604644141301
2019,LESIONES,14,ROCHA,313,387.8082022054268
2019,LESIONES,15,SALTO,559,410.4409119277506
2019,LESIONES,16,SAN JOSE,473,395.09514024624536
2019,LESIONES,17,SORIANO,252,301.13283303857366
2019,LESIONES,18,TACUAREMBO,284,295.784035994001
2019,LESIONES,19,TREINTA Y TRES,170,356.3567760192852
2019,RAPIÑA,2,ARTIGAS,60,77.43134420813544
2019,RAPIÑA,3,CANELONES,3819,627.1347871781398
2019,RAPIÑA,4,CERRO LARGO,61,67.01750145570803
2019,RAPIÑA,5,COLONIA,62,45.65638416165305
2019,RAPIÑA,6,DURAZNO,51,82.2447992259313
2019,RAPIÑA,7,FLORES,12,45.677743519470134
2019,RAPIÑA,8,FLORIDA,22,31.283772254137993
2019,RAPIÑA,9,LAVALLEJA,75,126.74699609619253
2019,RAPIÑA,10,MALDONADO,731,343.2666209603952
2019,RAPIÑA,1,MONTEVIDEO,24308,1865.6126482213438
2019,RAPIÑA,11,PAYSANDU,168,137.88801523334263
2019,RAPIÑA,12,RIO NEGRO,43,74.99389584568698
2019,RAPIÑA,13,RIVERA,190,173.8350762587032
2019,RAPIÑA,14,ROCHA,116,143.7244455457812
2019,RAPIÑA,15,SALTO,436,320.12922647674293
2019,RAPIÑA,16,SAN JOSE,338,282.33014250154525
2019,RAPIÑA,17,SORIANO,66,78.86812293867406
2019,RAPIÑA,18,TACUAREMBO,36,37.493751041493084
2019,RAPIÑA,19,TREINTA Y TRES,46,96.42595115815952
2019,VIOLENCIA DOMÉSTICA,2,ARTIGAS,849,1095.6535205451166
2019,VIOLENCIA DOMÉSTICA,3,CANELONES,5918,971.820809248555
2019,VIOLENCIA DOMÉSTICA,4,CERRO LARGO,812,892.1018226563101
2019,VIOLENCIA DOMÉSTICA,5,COLONIA,1241,913.8640765259909
2019,VIOLENCIA DOMÉSTICA,6,DURAZNO,795,1282.051282051282
2019,VIOLENCIA DOMÉSTICA,7,FLORES,370,1408.3970918503292
2019,VIOLENCIA DOMÉSTICA,8,FLORIDA,809,1150.3896251635288
2019,VIOLENCIA DOMÉSTICA,9,LAVALLEJA,1113,1880.9254220674968
2019,VIOLENCIA DOMÉSTICA,10,MALDONADO,1218,571.9545066070607
2019,VIOLENCIA DOMÉSTICA,1,MONTEVIDEO,13328,1022.9095514025864
2019,VIOLENCIA DOMÉSTICA,11,PAYSANDU,1915,1571.7592212610189
2019,VIOLENCIA DOMÉSTICA,12,RIO NEGRO,867,1512.0862255397817
2019,VIOLENCIA DOMÉSTICA,13,RIVERA,1213,1109.799723693721
2019,VIOLENCIA DOMÉSTICA,14,ROCHA,870,1077.933341593359
2019,VIOLENCIA DOMÉSTICA,15,SALTO,1615,1185.799772385183
2019,VIOLENCIA DOMÉSTICA,16,SAN JOSE,1504,1256.2856045039175
2019,VIOLENCIA DOMÉSTICA,17,SORIANO,862,1030.0654844414703
2019,VIOLENCIA DOMÉSTICA,18,TACUAREMBO,1228,1278.9535077487085
2019,VIOLENCIA DOMÉSTICA,19,TREINTA Y TRES,536,1123.571952625511
2020,ABIGEATO,2,ARTIGAS,199,256.8139582903159
2020,ABIGEATO,3,CANELONES,364,59.774040987913814
2020,ABIGEATO,4,CERRO LARGO,115,126.34446995748235
2020,ABIGEATO,5,COLONIA,55,40.50163111114384
2020,ABIGEATO,6,DURAZNO,100,161.26431220770843
2020,ABIGEATO,7,FLORES,43,163.678580944768
2020,ABIGEATO,8,FLORIDA,110,156.41886127068994
2020,ABIGEATO,9,LAVALLEJA,110,185.8955942744157
2020,ABIGEATO,10,MALDONADO,82,38.50596842510589
2020,ABIGEATO,1,MONTEVIDEO,28,2.148969645803753
2020,ABIGEATO,11,PAYSANDU,116,95.20839147064135
2020,ABIGEATO,12,RIO NEGRO,58,101.15455718720568
2020,ABIGEATO,13,RIVERA,143,130.833767921024
2020,ABIGEATO,14,ROCHA,218,270.1028373187957
2020,ABIGEATO,15,SALTO,195,143.17706230037814
2020,ABIGEATO,16,SAN JOSE,57,47.61188793665113
2020,ABIGEATO,17,SORIANO,95,113.52229816930357
2020,ABIGEATO,18,TACUAREMBO,72,74.98750208298617
2020,ABIGEATO,19,TREINTA Y TRES,46,96.42595115815952
2020,HURTO,2,ARTIGAS,2390,3084.3485442907286
2020,HURTO,3,CANELONES,16163,2654.1973200210196
2020,HURTO,4,CERRO LARGO,1459,1602.9267971127542
2020,HURTO,5,COLONIA,2795,2058.219253739037
2020,HURTO,6,DURAZNO,1830,2951.1369134010642
2020,HURTO,7,FLORES,557,2120.2085950287387
2020,HURTO,8,FLORIDA,1307,1858.54046982538
2020,HURTO,9,LAVALLEJA,1709,2888.1415510452402
2020,HURTO,10,MALDONADO,8922,4189.637198643838
2020,HURTO,1,MONTEVIDEO,58704,4505.468360259411
2020,HURTO,11,PAYSANDU,4250,3488.238480605394
2020,HURTO,12,RIO NEGRO,868,1513.8302696292162
2020,HURTO,13,RIVERA,2579,2359.5824298483976
2020,HURTO,14,ROCHA,3931,4870.524098624706
2020,HURTO,15,SALTO,3468,2546.3489849113403
2020,HURTO,16,SAN JOSE,3649,3047.996124225263
2020,HURTO,17,SORIANO,1610,1923.9042110797764
2020,HURTO,18,TACUAREMBO,1193,1242.5012497917014
2020,HURTO,19,TREINTA Y TRES,1399,2932.6066450057647
2020,LESIONES,2,ARTIGAS,386,498.1416477390047
2020,LESIONES,3,CANELONES,1907,313.15685759327374
2020,LESIONES,4,CERRO LARGO,284,312.015908416739
2020,LESIONES,5,COLONIA,314,231.2274939799848
2020,LESIONES,6,DURAZNO,199,320.91598129333977
2020,LESIONES,7,FLORES,70,266.4535038635758
2020,LESIONES,8,FLORIDA,189,268.7560434560036
2020,LESIONES,9,LAVALLEJA,183,309.26267047470975
2020,LESIONES,10,MALDONADO,539,253.10630464795213
2020,LESIONES,1,MONTEVIDEO,4313,331.01807436969955
2020,LESIONES,11,PAYSANDU,402,329.9463221654985
2020,LESIONES,12,RIO NEGRO,180,313.92793609822456
2020,LESIONES,13,RIVERA,510,466.6099415365191
2020,LESIONES,14,ROCHA,322,398.95923677363396
2020,LESIONES,15,SALTO,539,395.75608502514774
2020,LESIONES,16,SAN JOSE,449,375.04802953607646
2020,LESIONES,17,SORIANO,221,264.0887146885904
2020,LESIONES,18,TACUAREMBO,277,288.4935844025996
2020,LESIONES,19,TREINTA Y TRES,124,259.9308248611257
2020,RAPIÑA,2,ARTIGAS,61,78.72186661160437
2020,RAPIÑA,3,CANELONES,3194,524.5007882291119
2020,RAPIÑA,4,CERRO LARGO,36,39.55131233451621
2020,RAPIÑA,5,COLONIA,57,41.97441769700362
2020,RAPIÑA,6,DURAZNO,36,58.05515239477503
2020,RAPIÑA,7,FLORES,7,26.64535038635758
2020,RAPIÑA,8,FLORIDA,18,25.595813662476534
2020,RAPIÑA,9,LAVALLEJA,39,65.9084379700201
2020,RAPIÑA,10,MALDONADO,449,210.84365637649444
2020,RAPIÑA,1,MONTEVIDEO,23576,1809.4324417667601
2020,RAPIÑA,11,PAYSANDU,202,165.79392307818577
2020,RAPIÑA,12,RIO NEGRO,14,24.416617252084134
2020,RAPIÑA,13,RIVERA,155,141.8128253689421
2020,RAPIÑA,14,ROCHA,95,117.70536488663116
2020,RAPIÑA,15,SALTO,217,159.3303718932413
2020,RAPIÑA,16,SAN JOSE,465,388.4127700095224
2020,RAPIÑA,17,SORIANO,45,53.77372018545959
2020,RAPIÑA,18,TACUAREMBO,36,37.493751041493084
2020,RAPIÑA,19,TREINTA Y TRES,55,115.29189812388638
2020,VIOLENCIA DOMÉSTICA,2,ARTIGAS,802,1034.9989675820773
2020,VIOLENCIA DOMÉSTICA,3,CANELONES,5537,909.2551234892275
2020,VIOLENCIA DOMÉSTICA,4,CERRO LARGO,763,838.2680919787741
2020,VIOLENCIA DOMÉSTICA,5,COLONIA,1088,801.1959027077181
2020,VIOLENCIA DOMÉSTICA,6,DURAZNO,865,1394.936300596678
2020,VIOLENCIA DOMÉSTICA,7,FLORES,484,1842.3356552852956
2020,VIOLENCIA DOMÉSTICA,8,FLORIDA,717,1019.5665775553155
2020,VIOLENCIA DOMÉSTICA,9,LAVALLEJA,1004,1696.7197877410304
2020,VIOLENCIA DOMÉSTICA,10,MALDONADO,1524,715.6475107300167
2020,VIOLENCIA DOMÉSTICA,1,MONTEVIDEO,13018,999.1173874669021
2020,VIOLENCIA DOMÉSTICA,11,PAYSANDU,2090,1715.392570462417
2020,VIOLENCIA DOMÉSTICA,12,RIO NEGRO,809,1410.9316683525758
2020,VIOLENCIA DOMÉSTICA,13,RIVERA,1307,1195.8023403690793
2020,VIOLENCIA DOMÉSTICA,14,ROCHA,874,1082.8893569570066
2020,VIOLENCIA DOMÉSTICA,15,SALTO,1403,1030.1406072175923
2020,VIOLENCIA DOMÉSTICA,16,SAN JOSE,1564,1306.4033812793398
2020,VIOLENCIA DOMÉSTICA,17,SORIANO,833,995.4113092108408
2020,VIOLENCIA DOMÉSTICA,18,TACUAREMBO,1138,1185.219130144976
2020,VIOLENCIA DOMÉSTICA,19,TREINTA Y TRES,625,1310.1352059532544
2021,ABIGEATO,2,ARTIGAS,113,145.82903159198844
2021,ABIGEATO,3,CANELONES,198,32.51445086705202
2021,ABIGEATO,4,CERRO LARGO,51,56.031025807231295
2021,ABIGEATO,5,COLONIA,37,27.246551838405857
2021,ABIGEATO,6,DURAZNO,49,79.01951298177714
2021,ABIGEATO,7,FLORES,13,49.484222146092655
2021,ABIGEATO,8,FLORIDA,48,68.25550309993743
2021,ABIGEATO,9,LAVALLEJA,64,108.15743666875095
2021,ABIGEATO,10,MALDONADO,35,16.4354743277891
2021,ABIGEATO,1,MONTEVIDEO,17,1.3047315706665643
2021,ABIGEATO,11,PAYSANDU,78,64.01943564405194
2021,ABIGEATO,12,RIO NEGRO,42,73.2498517562524
2021,ABIGEATO,13,RIVERA,116,106.13088866320825
2021,ABIGEATO,14,ROCHA,166,205.67463759137652
2021,ABIGEATO,15,SALTO,117,85.90623738022688
2021,ABIGEATO,16,SAN JOSE,36,30.07066606525335
2021,ABIGEATO,17,SORIANO,72,86.03795229673533
2021,ABIGEATO,18,TACUAREMBO,56,58.32361273121146
2021,ABIGEATO,19,TREINTA Y TRES,41,85.9448695105335
2021,HURTO,2,ARTIGAS,1719,2218.408011563081
2021,HURTO,3,CANELONES,15345,2519.8699421965316
2021,HURTO,4,CERRO LARGO,999,1097.5489172828247
2021,HURTO,5,COLONIA,2620,1929.3504274763065
2021,HURTO,6,DURAZNO,1382,2228.6727947105305
2021,HURTO,7,FLORES,500,1903.2393133112557
2021,HURTO,8,FLORIDA,1344,1911.154086798248
2021,HURTO,9,LAVALLEJA,1490,2518.040322444358
2021,HURTO,10,MALDONADO,7063,3316.6787193478403
2021,HURTO,1,MONTEVIDEO,59600,4574.235388925131
2021,HURTO,11,PAYSANDU,4335,3558.003250217502
2021,HURTO,12,RIO NEGRO,784,1367.3305661167115
2021,HURTO,13,RIVERA,2294,2098.8298154603426
2021,HURTO,14,ROCHA,3633,4501.300954032958
2021,HURTO,15,SALTO,2589,1900.9508425419433
2021,HURTO,16,SAN JOSE,3228,2696.3363905177166
2021,HURTO,17,SORIANO,1410,1684.9098991444002
2021,HURTO,18,TACUAREMBO,1186,1235.2107982003
2021,HURTO,19,TREINTA Y TRES,1202,2519.652028089299
2021,LESIONES,2,ARTIGAS,305,393.60933305802183
2021,LESIONES,3,CANELONES,1858,305.11035207567
2021,LESIONES,4,CERRO LARGO,268,294.43754737917624
2021,LESIONES,5,COLONIA,313,230.49110068705494
2021,LESIONES,6,DURAZNO,222,358.00677310111274
2021,LESIONES,7,FLORES,61,232.1951962239732
2021,LESIONES,8,FLORIDA,185,263.0680848643422
2021,LESIONES,9,LAVALLEJA,200,337.99198958984675
2021,LESIONES,10,MALDONADO,503,236.20124533936908
2021,LESIONES,1,MONTEVIDEO,4202,322.49894470240605
2021,LESIONES,11,PAYSANDU,411,337.33318012442754
2021,LESIONES,12,RIO NEGRO,193,336.6005092608741
2021,LESIONES,13,RIVERA,482,440.9921408247102
2021,LESIONES,14,ROCHA,342,423.73931359187213
2021,LESIONES,15,SALTO,494,362.71522449429125
2021,LESIONES,16,SAN JOSE,401,334.95380811573864
2021,LESIONES,17,SORIANO,274,327.42220735146503
2021,LESIONES,18,TACUAREMBO,246,256.2072987835361
2021,LESIONES,19,TREINTA Y TRES,160,335.3946127240331
2021,RAPIÑA,2,ARTIGAS,41,52.911418542225896
2021,RAPIÑA,3,CANELONES,2892,474.9080399369417
2021,RAPIÑA,4,CERRO LARGO,20,21.97295129695345
2021,RAPIÑA,5,COLONIA,57,41.97441769700362
2021,RAPIÑA,6,DURAZNO,23,37.090791807772945
2021,RAPIÑA,7,FLORES,8,30.45182901298009
2021,RAPIÑA,8,FLORIDA,15,21.329844718730445
2021,RAPIÑA,9,LAVALLEJA,45,76.0481976577155
2021,RAPIÑA,10,MALDONADO,294,138.05798435342842
2021,RAPIÑA,1,MONTEVIDEO,20537,1576.192486281131
2021,RAPIÑA,11,PAYSANDU,139,114.0859173656823
2021,RAPIÑA,12,RIO NEGRO,12,20.92852907321497
2021,RAPIÑA,13,RIVERA,122,111.62041738716731
2021,RAPIÑA,14,ROCHA,105,130.09540329575023
2021,RAPIÑA,15,SALTO,124,91.04592679613789
2021,RAPIÑA,16,SAN JOSE,356,297.365475534172
2021,RAPIÑA,17,SORIANO,35,41.82400458869079
2021,RAPIÑA,18,TACUAREMBO,26,27.078820196633895
2021,RAPIÑA,19,TREINTA Y TRES,38,79.65622052195786
2021,VIOLENCIA DOMÉSTICA,2,ARTIGAS,900,1161.4701631220316
2021,VIOLENCIA DOMÉSTICA,3,CANELONES,5188,851.9442984760904
2021,VIOLENCIA DOMÉSTICA,4,CERRO LARGO,871,956.9220289823228
2021,VIOLENCIA DOMÉSTICA,5,COLONIA,1208,889.5630978593047
2021,VIOLENCIA DOMÉSTICA,6,DURAZNO,878,1415.90066118368
2021,VIOLENCIA DOMÉSTICA,7,FLORES,422,1606.3339804347
2021,VIOLENCIA DOMÉSTICA,8,FLORIDA,701,996.8147431886697
2021,VIOLENCIA DOMÉSTICA,9,LAVALLEJA,909,1536.1735926858535
2021,VIOLENCIA DOMÉSTICA,10,MALDONADO,1911,897.3768982972849
2021,VIOLENCIA DOMÉSTICA,1,MONTEVIDEO,13032,1000.1918722898039
2021,VIOLENCIA DOMÉSTICA,11,PAYSANDU,1834,1505.277499630657
2021,VIOLENCIA DOMÉSTICA,12,RIO NEGRO,790,1377.794830653319
2021,VIOLENCIA DOMÉSTICA,13,RIVERA,1410,1290.0392501303763
2021,VIOLENCIA DOMÉSTICA,14,ROCHA,1012,1253.8718870028497
2021,VIOLENCIA DOMÉSTICA,15,SALTO,1619,1188.7367377657035
2021,VIOLENCIA DOMÉSTICA,16,SAN JOSE,1586,1324.779899430328
2021,VIOLENCIA DOMÉSTICA,17,SORIANO,958,1144.7827541704507
2021,VIOLENCIA DOMÉSTICA,18,TACUAREMBO,1072,1116.4805865689052
2021,VIOLENCIA DOMÉSTICA,19,TREINTA Y TRES,615,1289.1730426580023
2022,ABIGEATO,2,ARTIGAS,85,109.69440429485856
2022,ABIGEATO,3,CANELONES,218,35.79873883342091
2022,ABIGEATO,4,CERRO LARGO,48,52.73508311268828
2022,ABIGEATO,5,COLONIA,34,25.03737195961619
2022,ABIGEATO,6,DURAZNO,38,61.28043863892921
2022,ABIGEATO,7,FLORES,19,72.32309390582772
2022,ABIGEATO,8,FLORIDA,53,75.36545133951425
2022,ABIGEATO,9,LAVALLEJA,76,128.43695604414174
2022,ABIGEATO,10,MALDONADO,33,15.496304366201151
2022,ABIGEATO,1,MONTEVIDEO,30,2.302467477646878
2022,ABIGEATO,11,PAYSANDU,97,79.61391355734663
2022,ABIGEATO,12,RIO NEGRO,50,87.20220447172905
2022,ABIGEATO,13,RIVERA,79,72.2787948654608
2022,ABIGEATO,14,ROCHA,122,151.1584685912526
2022,ABIGEATO,15,SALTO,112,82.23503065457615
2022,ABIGEATO,16,SAN JOSE,28,23.388295828530378
2022,ABIGEATO,17,SORIANO,46,54.96869174513646
2022,ABIGEATO,18,TACUAREMBO,50,52.07465422429595
2022,ABIGEATO,19,TREINTA Y TRES,43,90.1373021695839
2022,HURTO,2,ARTIGAS,1716,2214.536444352674
2022,HURTO,3,CANELONES,15339,2518.884655806621
2022,HURTO,4,CERRO LARGO,1226,1346.9419145032466
2022,HURTO,5,COLONIA,2913,2145.1136623047637
2022,HURTO,6,DURAZNO,1438,2318.9808095468475
2022,HURTO,7,FLORES,590,2245.8223897072817
2022,HURTO,8,FLORIDA,1332,1894.0902110232637
2022,HURTO,9,LAVALLEJA,1124,1899.5149814949384
2022,HURTO,10,MALDONADO,7912,3715.3563680419243
2022,HURTO,1,MONTEVIDEO,59660,4578.840323880425
2022,HURTO,11,PAYSANDU,4498,3691.7874554736613
2022,HURTO,12,RIO NEGRO,1108,1932.4008510935155
2022,HURTO,13,RIVERA,1990,1820.6936934464177
2022,HURTO,14,ROCHA,3861,4783.7938297608725
2022,HURTO,15,SALTO,3180,2334.887477513859
2022,HURTO,16,SAN JOSE,3087,2578.5596150954743
2022,HURTO,17,SORIANO,2089,2496.2955881650014
2022,HURTO,18,TACUAREMBO,1893,1971.5464089318448
2022,HURTO,19,TREINTA Y TRES,1003,2102.5049785137826
2022,LESIONES,2,ARTIGAS,340,438.77761717943423
2022,LESIONES,3,CANELONES,1923,315.7842879663689
2022,LESIONES,4,CERRO LARGO,278,305.424023027653
2022,LESIONES,5,COLONIA,349,257.0012592325309
2022,LESIONES,6,DURAZNO,238,383.8090630543461
2022,LESIONES,7,FLORES,56,213.16280309086065
2022,LESIONES,8,FLORIDA,151,214.72043683521983
2022,LESIONES,9,LAVALLEJA,228,385.3108681324253
2022,LESIONES,10,MALDONADO,602,282.6901584379725
2022,LESIONES,1,MONTEVIDEO,4569,350.6657968456196
2022,LESIONES,11,PAYSANDU,419,343.89927608792004
2022,LESIONES,12,RIO NEGRO,197,343.57668561861243
2022,LESIONES,13,RIVERA,427,390.67146085508557
2022,LESIONES,14,ROCHA,385,477.01647875108415
2022,LESIONES,15,SALTO,554,406.7697052020999
2022,LESIONES,16,SAN JOSE,463,386.74217745034167
2022,LESIONES,17,SORIANO,271,323.83729267243444
2022,LESIONES,18,TACUAREMBO,267,278.0786535577404
2022,LESIONES,19,TREINTA Y TRES,130,272.5081228382769
2022,RAPIÑA,2,ARTIGAS,41,52.911418542225896
2022,RAPIÑA,3,CANELONES,2697,442.886232264845
2022,RAPIÑA,4,CERRO LARGO,12,13.18377077817207
2022,RAPIÑA,5,COLONIA,71,52.283923798022045
2022,RAPIÑA,6,DURAZNO,23,37.090791807772945
2022,RAPIÑA,7,FLORES,9,34.258307639602606
2022,RAPIÑA,8,FLORIDA,21,29.861782606222626
2022,RAPIÑA,9,LAVALLEJA,22,37.179118854883136
2022,RAPIÑA,10,MALDONADO,344,161.53723339312717
2022,RAPIÑA,1,MONTEVIDEO,19128,1468.0532637476495
2022,RAPIÑA,11,PAYSANDU,128,105.0575354158801
2022,RAPIÑA,12,RIO NEGRO,12,20.92852907321497
2022,RAPIÑA,13,RIVERA,146,133.5785322830035
2022,RAPIÑA,14,ROCHA,109,135.05141865939785
2022,RAPIÑA,15,SALTO,152,111.60468445978194
2022,RAPIÑA,16,SAN JOSE,392,327.43614159942535
2022,RAPIÑA,17,SORIANO,60,71.69829358061278
2022,RAPIÑA,18,TACUAREMBO,45,46.867188801866355
2022,RAPIÑA,19,TREINTA Y TRES,29,60.79027355623101
2022,VIOLENCIA DOMÉSTICA,2,ARTIGAS,835,1077.5862068965519
2022,VIOLENCIA DOMÉSTICA,3,CANELONES,5566,914.0173410404625
2022,VIOLENCIA DOMÉSTICA,4,CERRO LARGO,923,1014.0517023544018
2022,VIOLENCIA DOMÉSTICA,5,COLONIA,1338,985.2942259401901
2022,VIOLENCIA DOMÉSTICA,6,DURAZNO,785,1265.924850830511
2022,VIOLENCIA DOMÉSTICA,7,FLORES,384,1461.6877926230443
2022,VIOLENCIA DOMÉSTICA,8,FLORIDA,682,969.7969398782776
2022,VIOLENCIA DOMÉSTICA,9,LAVALLEJA,987,1667.9904686258933
2022,VIOLENCIA DOMÉSTICA,10,MALDONADO,2426,1139.2131634061816
2022,VIOLENCIA DOMÉSTICA,1,MONTEVIDEO,13164,1010.3227291914502
2022,VIOLENCIA DOMÉSTICA,11,PAYSANDU,2013,1652.1938968138022
2022,VIOLENCIA DOMÉSTICA,12,RIO NEGRO,727,1267.9200530189403
2022,VIOLENCIA DOMÉSTICA,13,RIVERA,1350,1235.1439628907858
2022,VIOLENCIA DOMÉSTICA,14,ROCHA,1148,1422.376409366869
2022,VIOLENCIA DOMÉSTICA,15,SALTO,1858,1364.2204192518082
2022,VIOLENCIA DOMÉSTICA,16,SAN JOSE,1544,1289.6974556875323
2022,VIOLENCIA DOMÉSTICA,17,SORIANO,1073,1282.2044835332918
2022,VIOLENCIA DOMÉSTICA,18,TACUAREMBO,1197,1246.6672221296449
2022,VIOLENCIA DOMÉSTICA,19,TREINTA Y TRES,629,1318.5200712713552
2023,ABIGEATO,2,ARTIGAS,53,68.39768738385298
2023,ABIGEATO,3,CANELONES,179,29.394377299001576
2023,ABIGEATO,4,CERRO LARGO,51,56.031025807231295
2023,ABIGEATO,5,COLONIA,21,15.46425915152765
2023,ABIGEATO,6,DURAZNO,21,33.86550556361877
2023,ABIGEATO,7,FLORES,25,95.16196566556279
2023,ABIGEATO,8,FLORIDA,43,61.14555486036061
2023,ABIGEATO,9,LAVALLEJA,53,89.56787724130938
2023,ABIGEATO,10,MALDONADO,30,14.087549423819228
2023,ABIGEATO,1,MONTEVIDEO,30,2.302467477646878
2023,ABIGEATO,11,PAYSANDU,62,50.88724371706693
2023,ABIGEATO,12,RIO NEGRO,34,59.297499040775755
2023,ABIGEATO,13,RIVERA,94,86.00261667535842
2023,ABIGEATO,14,ROCHA,107,132.573410977574
2023,ABIGEATO,15,SALTO,84,61.67627299093212
2023,ABIGEATO,16,SAN JOSE,27,22.552999548940008
2023,ABIGEATO,17,SORIANO,59,70.5033220209359
2023,ABIGEATO,18,TACUAREMBO,48,49.99166805532411
2023,ABIGEATO,19,TREINTA Y TRES,37,77.56000419243266
2023,HURTO,2,ARTIGAS,1712,2209.374354738798
2023,HURTO,3,CANELONES,14712,2415.9222280609565
2023,HURTO,4,CERRO LARGO,1361,1495.2593357576823
2023,HURTO,5,COLONIA,2501,1841.71962561765
2023,HURTO,6,DURAZNO,1806,2912.4334784712146
2023,HURTO,7,FLORES,530,2017.433672109931
2023,HURTO,8,FLORIDA,1744,2479.9499459643935
2023,HURTO,9,LAVALLEJA,1225,2070.200936237811
2023,HURTO,10,MALDONADO,8331,3912.1124749945993
2023,HURTO,1,MONTEVIDEO,57043,4377.9884109136965
2023,HURTO,11,PAYSANDU,4590,3767.2975590538254
2023,HURTO,12,RIO NEGRO,1176,2050.995849175067
2023,HURTO,13,RIVERA,1940,1774.9476207467587
2023,HURTO,14,ROCHA,3684,4564.490149919465
2023,HURTO,15,SALTO,3699,2715.9587356364036
2023,HURTO,16,SAN JOSE,2519,2104.111328288144
2023,HURTO,17,SORIANO,2629,3141.5802303905166
2023,HURTO,18,TACUAREMBO,2115,2202.7578736877185
2023,HURTO,19,TREINTA Y TRES,1100,2305.8379624777276
2023,LESIONES,2,ARTIGAS,327,422.00082593433825
2023,LESIONES,3,CANELONES,1863,305.9314240672622
2023,LESIONES,4,CERRO LARGO,298,327.3969743246064
2023,LESIONES,5,COLONIA,406,298.97567692953453
2023,LESIONES,6,DURAZNO,239,385.42170617642313
2023,LESIONES,7,FLORES,80,304.51829012980096
2023,LESIONES,8,FLORIDA,186,264.49007451225754
2023,LESIONES,9,LAVALLEJA,179,302.5028306829128
2023,LESIONES,10,MALDONADO,607,285.03808334194235
2023,LESIONES,1,MONTEVIDEO,4867,373.5369737902452
2023,LESIONES,11,PAYSANDU,443,363.59756397839755
2023,LESIONES,12,RIO NEGRO,193,336.6005092608741
2023,LESIONES,13,RIVERA,466,426.3533975608194
2023,LESIONES,14,ROCHA,369,457.19241729649366
2023,LESIONES,15,SALTO,555,407.50394654723004
2023,LESIONES,16,SAN JOSE,448,374.21273325648605
2023,LESIONES,17,SORIANO,254,303.52277615792747
2023,LESIONES,18,TACUAREMBO,322,335.3607732044659
2023,LESIONES,19,TREINTA Y TRES,151,316.52866575830626
2023,RAPIÑA,2,ARTIGAS,44,56.78298575263267
2023,RAPIÑA,3,CANELONES,2407,395.26405675249606
2023,RAPIÑA,4,CERRO LARGO,17,18.67700860241043
2023,RAPIÑA,5,COLONIA,69,50.81113721216227
2023,RAPIÑA,6,DURAZNO,59,95.14594420254798
2023,RAPIÑA,7,FLORES,13,49.484222146092655
2023,RAPIÑA,8,FLORIDA,22,31.283772254137993
2023,RAPIÑA,9,LAVALLEJA,36,60.83855812617241
2023,RAPIÑA,10,MALDONADO,398,186.89482235600175
2023,RAPIÑA,1,MONTEVIDEO,18348,1408.1891093288307
2023,RAPIÑA,11,PAYSANDU,162,132.96344326072324
2023,RAPIÑA,12,RIO NEGRO,29,50.57727859360284
2023,RAPIÑA,13,RIVERA,133,121.68455338109224
2023,RAPIÑA,14,ROCHA,95,117.70536488663116
2023,RAPIÑA,15,SALTO,195,143.17706230037814
2023,RAPIÑA,16,SAN JOSE,238,198.80051454250824
2023,RAPIÑA,17,SORIANO,78,93.20778165479662
2023,RAPIÑA,18,TACUAREMBO,36,37.493751041493084
2023,RAPIÑA,19,TREINTA Y TRES,35,73.36757153338225
2023,VIOLENCIA DOMÉSTICA,2,ARTIGAS,869,1121.4639686144951
2023,VIOLENCIA DOMÉSTICA,3,CANELONES,5390,885.1156069364163
2023,VIOLENCIA DOMÉSTICA,4,CERRO LARGO,1028,1129.4096966634072
2023,VIOLENCIA DOMÉSTICA,5,COLONIA,1396,1028.0050369301237
2023,VIOLENCIA DOMÉSTICA,6,DURAZNO,956,1541.6868247056925
2023,VIOLENCIA DOMÉSTICA,7,FLORES,372,1416.0100491035744
2023,VIOLENCIA DOMÉSTICA,8,FLORIDA,605,860.3037369887948
2023,VIOLENCIA DOMÉSTICA,9,LAVALLEJA,971,1640.9511094587058
2023,VIOLENCIA DOMÉSTICA,10,MALDONADO,2690,1263.1835983357907
2023,VIOLENCIA DOMÉSTICA,1,MONTEVIDEO,13670,1049.1576806477608
2023,VIOLENCIA DOMÉSTICA,11,PAYSANDU,2070,1698.977330553686
2023,VIOLENCIA DOMÉSTICA,12,RIO NEGRO,775,1351.6341693118002
2023,VIOLENCIA DOMÉSTICA,13,RIVERA,1394,1275.4005068664856
2023,VIOLENCIA DOMÉSTICA,14,ROCHA,1113,1379.0112749349523
2023,VIOLENCIA DOMÉSTICA,15,SALTO,1867,1370.8285913579793
2023,VIOLENCIA DOMÉSTICA,16,SAN JOSE,1939,1619.6394861257288
2023,VIOLENCIA DOMÉSTICA,17,SORIANO,1264,1510.4440514315759
2023,VIOLENCIA DOMÉSTICA,18,TACUAREMBO,1320,1374.7708715214133
2023,VIOLENCIA DOMÉSTICA,19,TREINTA Y TRES,663,1389.7914264752121
2024,ABIGEATO,2,ARTIGAS,68,87.75552343588684
2024,ABIGEATO,3,CANELONES,131,21.51208617971624
2024,ABIGEATO,4,CERRO LARGO,29,31.860779380582503
2024,ABIGEATO,5,COLONIA,26,19.146225616177087
2024,ABIGEATO,6,DURAZNO,32,51.6045799064667
2024,ABIGEATO,7,FLORES,7,26.64535038635758
2024,ABIGEATO,8,FLORIDA,21,29.861782606222626
2024,ABIGEATO,9,LAVALLEJA,25,42.248998698730844
2024,ABIGEATO,10,MALDONADO,30,14.087549423819228
2024,ABIGEATO,1,MONTEVIDEO,43,3.300203384627192
2024,ABIGEATO,11,PAYSANDU,33,27.08514584940659
2024,ABIGEATO,12,RIO NEGRO,35,61.04154313021033
2024,ABIGEATO,13,RIVERA,45,41.171465429692866
2024,ABIGEATO,14,ROCHA,82,101.59831495477636
2024,ABIGEATO,15,SALTO,102,74.89261720327471
2024,ABIGEATO,16,SAN JOSE,25,20.882406989759268
2024,ABIGEATO,17,SORIANO,61,72.89326514028966
2024,ABIGEATO,18,TACUAREMBO,42,43.7427095484086
2024,ABIGEATO,19,TREINTA Y TRES,15,31.443244942878103
2024,HURTO,2,ARTIGAS,1368,1765.4346479454882
2024,HURTO,3,CANELONES,12671,2080.7606410930107
2024,HURTO,4,CERRO LARGO,1162,1276.6284703529955
2024,HURTO,5,COLONIA,1855,1366.0095583849422
2024,HURTO,6,DURAZNO,1607,2591.5174971778747
2024,HURTO,7,FLORES,500,1903.2393133112557
2024,HURTO,8,FLORIDA,1597,2270.9174677208352
2024,HURTO,9,LAVALLEJA,1220,2061.751136498065
2024,HURTO,10,MALDONADO,8021,3766.5411309484675
2024,HURTO,1,MONTEVIDEO,54754,4202.310142369239
2024,HURTO,11,PAYSANDU,4667,3830.4962327024414
2024,HURTO,12,RIO NEGRO,1446,2521.887753322404
2024,HURTO,13,RIVERA,1859,1700.8389829733119
2024,HURTO,14,ROCHA,3308,4098.624705736588
2024,HURTO,15,SALTO,4107,3015.5292044495027
2024,HURTO,16,SAN JOSE,2666,2226.899881387928
2024,HURTO,17,SORIANO,1891,2259.6912193489793
2024,HURTO,18,TACUAREMBO,1986,2068.405265789035
2024,HURTO,19,TREINTA Y TRES,1160,2431.61094224924
2024,LESIONES,2,ARTIGAS,298,384.57567623373944
2024,LESIONES,3,CANELONES,1746,286.7183394640042
2024,LESIONES,4,CERRO LARGO,275,302.12808033310995
2024,LESIONES,5,COLONIA,349,257.0012592325309
2024,LESIONES,6,DURAZNO,226,364.4573455894211
2024,LESIONES,7,FLORES,70,266.4535038635758
2024,LESIONES,8,FLORIDA,197,280.13196063932656
2024,LESIONES,9,LAVALLEJA,195,329.54218985010056
2024,LESIONES,10,MALDONADO,643,301.9431426505255
2024,LESIONES,1,MONTEVIDEO,4482,343.9886411604436
2024,LESIONES,11,PAYSANDU,437,358.67299200577816
2024,LESIONES,12,RIO NEGRO,213,371.48139104956573
2024,LESIONES,13,RIVERA,449,410.79973284293544
2024,LESIONES,14,ROCHA,432,535.2496592739437
2024,LESIONES,15,SALTO,576,422.92301479496314
2024,LESIONES,16,SAN JOSE,453,378.3892146544379
2024,LESIONES,17,SORIANO,261,311.8875770756656
2024,LESIONES,18,TACUAREMBO,310,322.8628561906349
2024,LESIONES,19,TREINTA Y TRES,168,352.1643433602348
2024,RAPIÑA,2,ARTIGAS,32,41.296716911005575
2024,RAPIÑA,3,CANELONES,1909,313.4852863899107
2024,RAPIÑA,4,CERRO LARGO,12,13.18377077817207
2024,RAPIÑA,5,COLONIA,38,27.982945131335743
2024,RAPIÑA,6,DURAZNO,55,88.69537171423964
2024,RAPIÑA,7,FLORES,8,30.45182901298009
2024,RAPIÑA,8,FLORIDA,22,31.283772254137993
2024,RAPIÑA,9,LAVALLEJA,38,64.21847802207087
2024,RAPIÑA,10,MALDONADO,273,128.19669975675498
2024,RAPIÑA,1,MONTEVIDEO,14071,1079.9339959323074
2024,RAPIÑA,11,PAYSANDU,182,149.37868316945452
2024,RAPIÑA,12,RIO NEGRO,17,29.648749520387877
2024,RAPIÑA,13,RIVERA,108,98.81151703126287
2024,RAPIÑA,14,ROCHA,91,112.74934952298352
2024,RAPIÑA,15,SALTO,201,147.582510371159
2024,RAPIÑA,16,SAN JOSE,306,255.60066155465344
2024,RAPIÑA,17,SORIANO,38,45.40891926772143
2024,RAPIÑA,18,TACUAREMBO,46,47.90868188635228
2024,RAPIÑA,19,TREINTA Y TRES,33,69.17513887433184
2024,VIOLENCIA DOMÉSTICA,2,ARTIGAS,869,1121.4639686144951
2024,VIOLENCIA DOMÉSTICA,3,CANELONES,5621,923.0491329479769
2024,VIOLENCIA DOMÉSTICA,4,CERRO LARGO,1162,1276.6284703529955
2024,VIOLENCIA DOMÉSTICA,5,COLONIA,1518,1117.84501866757
2024,VIOLENCIA DOMÉSTICA,6,DURAZNO,935,1507.821319142074
2024,VIOLENCIA DOMÉSTICA,7,FLORES,371,1412.2035704769519
2024,VIOLENCIA DOMÉSTICA,8,FLORIDA,657,934.2471986803935
2024,VIOLENCIA DOMÉSTICA,9,LAVALLEJA,901,1522.6539131022594
2024,VIOLENCIA DOMÉSTICA,10,MALDONADO,2622,1231.2518196418007
2024,VIOLENCIA DOMÉSTICA,1,MONTEVIDEO,12877,988.2957903219617
2024,VIOLENCIA DOMÉSTICA,11,PAYSANDU,2216,1818.8085818874242
2024,VIOLENCIA DOMÉSTICA,12,RIO NEGRO,818,1426.628065157487
2024,VIOLENCIA DOMÉSTICA,13,RIVERA,1348,1233.3141199827994
2024,VIOLENCIA DOMÉSTICA,14,ROCHA,1086,1345.5581712303308
2024,VIOLENCIA DOMÉSTICA,15,SALTO,1750,1284.9223539777524
2024,VIOLENCIA DOMÉSTICA,16,SAN JOSE,1821,1521.0745251340652
2024,VIOLENCIA DOMÉSTICA,17,SORIANO,1357,1621.5764064815257
2024,VIOLENCIA DOMÉSTICA,18,TACUAREMBO,1400,1458.0903182802865
2024,VIOLENCIA DOMÉSTICA,19,TREINTA Y TRES,661,1385.598993816162
2013,HOMICIDIO,2,ARTIGAS,3,3.871567210406772
2013,HOMICIDIO,3,CANELONES,33,5.41907514450867
2013,HOMICIDIO,999,Centros Carcelarios,3,
2013,HOMICIDIO,4,CERRO LARGO,4,4.39459025939069
2013,HOMICIDIO,5,COLONIA,6,4.418359757579328
2013,HOMICIDIO,6,DURAZNO,1,1.6126431220770843
2013,HOMICIDIO,7,FLORES,1,3.8064786266225115
2013,HOMICIDIO,8,FLORIDA,4,5.687958591661452
2013,HOMICIDIO,9,LAVALLEJA,1,1.6899599479492335
2013,HOMICIDIO,10,MALDONADO,8,3.7566798463517945
2013,HOMICIDIO,1,MONTEVIDEO,164,12.586822211136267
2013,HOMICIDIO,11,PAYSANDU,3,2.46228598630969
2013,HOMICIDIO,12,RIO NEGRO,2,3.4880881788691616
2013,HOMICIDIO,13,RIVERA,16,14.638743263890795
2013,HOMICIDIO,14,ROCHA,2,2.4780076818238137
2013,HOMICIDIO,15,SALTO,3,2.2027240353904327
2013,HOMICIDIO,16,SAN JOSE,2,1.6705925591807413
2013,HOMICIDIO,17,SORIANO,1,1.1949715596768797
2013,HOMICIDIO,18,TACUAREMBO,3,3.124479253457757
2013,HOMICIDIO,19,TREINTA Y TRES,1,2.0962163295252068
2014,HOMICIDIO,3,CANELONES,37,6.075932737782448
2014,HOMICIDIO,999,Centros Carcelarios,11,
2014,HOMICIDIO,4,CERRO LARGO,4,4.39459025939069
2014,HOMICIDIO,5,COLONIA,6,4.418359757579328
2014,HOMICIDIO,6,DURAZNO,5,8.063215610385422
2014,HOMICIDIO,7,FLORES,3,11.419435879867534
2014,HOMICIDIO,8,FLORIDA,1,1.421989647915363
2014,HOMICIDIO,9,LAVALLEJA,5,8.449799739746167
2014,HOMICIDIO,10,MALDONADO,12,5.635019769527691
2014,HOMICIDIO,1,MONTEVIDEO,154,11.819333051920642
2014,HOMICIDIO,11,PAYSANDU,2,1.6415239908731265
2014,HOMICIDIO,12,RIO NEGRO,1,1.7440440894345808
2014,HOMICIDIO,13,RIVERA,8,7.319371631945398
2014,HOMICIDIO,14,ROCHA,5,6.195019204559534
2014,HOMICIDIO,15,SALTO,2,1.4684826902602885
2014,HOMICIDIO,16,SAN JOSE,5,4.176481397951854
2014,HOMICIDIO,18,TACUAREMBO,6,6.248958506915514
2014,HOMICIDIO,19,TREINTA Y TRES,2,4.1924326590504135
2015,HOMICIDIO,2,ARTIGAS,4,5.162089613875697
2015,HOMICIDIO,3,CANELONES,27,4.433788754598003
2015,HOMICIDIO,999,Centros Carcelarios,9,
2015,HOMICIDIO,4,CERRO LARGO,5,5.493237824238363
2015,HOMICIDIO,5,COLONIA,3,2.209179878789664
2015,HOMICIDIO,6,DURAZNO,1,1.6126431220770843
2015,HOMICIDIO,8,FLORIDA,4,5.687958591661452
2015,HOMICIDIO,9,LAVALLEJA,5,8.449799739746167
2015,HOMICIDIO,10,MALDONADO,15,7.043774711909614
2015,HOMICIDIO,1,MONTEVIDEO,173,13.277562454430331
2015,HOMICIDIO,11,PAYSANDU,3,2.46228598630969
2015,HOMICIDIO,12,RIO NEGRO,1,1.7440440894345808
2015,HOMICIDIO,13,RIVERA,5,4.574607269965874
2015,HOMICIDIO,14,ROCHA,9,11.15103456820716
2015,HOMICIDIO,15,SALTO,8,5.873930761041154
2015,HOMICIDIO,16,SAN JOSE,4,3.3411851183614827
2015,HOMICIDIO,17,SORIANO,1,1.1949715596768797
2015,HOMICIDIO,18,TACUAREMBO,11,11.456423929345108
2015,HOMICIDIO,19,TREINTA Y TRES,5,10.481081647626034
2016,HOMICIDIO,2,ARTIGAS,1,1.2905224034689242
2016,HOMICIDIO,3,CANELONES,28,4.598003152916448
2016,HOMICIDIO,999,Centros Carcelarios,16,
2016,HOMICIDIO,4,CERRO LARGO,2,2.197295129695345
2016,HOMICIDIO,5,COLONIA,4,2.945573171719552
2016,HOMICIDIO,6,DURAZNO,3,4.837929366231253
2016,HOMICIDIO,7,FLORES,1,3.8064786266225115
2016,HOMICIDIO,8,FLORIDA,1,1.421989647915363
2016,HOMICIDIO,9,LAVALLEJA,1,1.6899599479492335
2016,HOMICIDIO,10,MALDONADO,13,6.104604750321666
2016,HOMICIDIO,1,MONTEVIDEO,147,11.282090640469704
2016,HOMICIDIO,11,PAYSANDU,7,5.745333968055943
2016,HOMICIDIO,12,RIO NEGRO,2,3.4880881788691616
2016,HOMICIDIO,13,RIVERA,8,7.319371631945398
2016,HOMICIDIO,14,ROCHA,6,7.434023045471441
2016,HOMICIDIO,15,SALTO,9,6.608172106171299
2016,HOMICIDIO,16,SAN JOSE,7,5.8470739571325945
2016,HOMICIDIO,17,SORIANO,4,4.779886238707519
2016,HOMICIDIO,18,TACUAREMBO,5,5.207465422429595
2016,HOMICIDIO,19,TREINTA Y TRES,3,6.288648988575621
2017,HOMICIDIO,2,ARTIGAS,3,3.871567210406772
2017,HOMICIDIO,3,CANELONES,27,4.433788754598003
2017,HOMICIDIO,999,Centros Carcelarios,18,
2017,HOMICIDIO,4,CERRO LARGO,5,5.493237824238363
2017,HOMICIDIO,5,COLONIA,2,1.472786585859776
2017,HOMICIDIO,6,DURAZNO,2,3.2252862441541685
2017,HOMICIDIO,7,FLORES,3,11.419435879867534
2017,HOMICIDIO,8,FLORIDA,3,4.265968943746089
2017,HOMICIDIO,10,MALDONADO,17,7.982944673497563
2017,HOMICIDIO,1,MONTEVIDEO,160,12.279826547450018
2017,HOMICIDIO,11,PAYSANDU,7,5.745333968055943
2017,HOMICIDIO,12,RIO NEGRO,2,3.4880881788691616
2017,HOMICIDIO,13,RIVERA,14,12.808900355904445
2017,HOMICIDIO,14,ROCHA,8,9.912030727295255
2017,HOMICIDIO,15,SALTO,2,1.4684826902602885
2017,HOMICIDIO,16,SAN JOSE,6,5.0117776775422245
2017,HOMICIDIO,17,SORIANO,2,2.3899431193537595
2017,HOMICIDIO,18,TACUAREMBO,3,3.124479253457757
2017,HOMICIDIO,19,TREINTA Y TRES,1,2.0962163295252068
2018,HOMICIDIO,2,ARTIGAS,2,2.5810448069378484
2018,HOMICIDIO,3,CANELONES,52,8.539148712559118
2018,HOMICIDIO,999,Centros Carcelarios,19,
2018,HOMICIDIO,4,CERRO LARGO,10,10.986475648476725
2018,HOMICIDIO,5,COLONIA,6,4.418359757579328
2018,HOMICIDIO,6,DURAZNO,4,6.450572488308337
2018,HOMICIDIO,8,FLORIDA,5,7.109948239576816
2018,HOMICIDIO,9,LAVALLEJA,5,8.449799739746167
2018,HOMICIDIO,10,MALDONADO,22,10.330869577467436
2018,HOMICIDIO,1,MONTEVIDEO,224,17.191757166430023
2018,HOMICIDIO,11,PAYSANDU,7,5.745333968055943
2018,HOMICIDIO,12,RIO NEGRO,2,3.4880881788691616
2018,HOMICIDIO,13,RIVERA,16,14.638743263890795
2018,HOMICIDIO,14,ROCHA,9,11.15103456820716
2018,HOMICIDIO,15,SALTO,12,8.81089614156173
2018,HOMICIDIO,16,SAN JOSE,6,5.0117776775422245
2018,HOMICIDIO,17,SORIANO,4,4.779886238707519
2018,HOMICIDIO,18,TACUAREMBO,9,9.373437760373271
2018,HOMICIDIO,19,TREINTA Y TRES,6,12.577297977151241
2019,HOMICIDIO,2,ARTIGAS,11,14.195746438158167
2019,HOMICIDIO,3,CANELONES,39,6.404361534419338
2019,HOMICIDIO,999,Centros Carcelarios,20,
2019,HOMICIDIO,4,CERRO LARGO,6,6.591885389086035
2019,HOMICIDIO,5,COLONIA,3,2.209179878789664
2019,HOMICIDIO,6,DURAZNO,5,8.063215610385422
2019,HOMICIDIO,7,FLORES,1,3.8064786266225115
2019,HOMICIDIO,8,FLORIDA,5,7.109948239576816
2019,HOMICIDIO,9,LAVALLEJA,4,6.759839791796934
2019,HOMICIDIO,10,MALDONADO,22,10.330869577467436
2019,HOMICIDIO,1,MONTEVIDEO,217,16.654514754979086
2019,HOMICIDIO,11,PAYSANDU,8,6.566095963492506
2019,HOMICIDIO,12,RIO NEGRO,2,3.4880881788691616
2019,HOMICIDIO,13,RIVERA,7,6.4044501779522225
2019,HOMICIDIO,14,ROCHA,10,12.390038409119068
2019,HOMICIDIO,15,SALTO,6,4.405448070780865
2019,HOMICIDIO,16,SAN JOSE,10,8.352962795903707
2019,HOMICIDIO,17,SORIANO,5,5.974857798384399
2019,HOMICIDIO,18,TACUAREMBO,8,8.331944675887353
2019,HOMICIDIO,19,TREINTA Y TRES,5,10.481081647626034
2020,HOMICIDIO,2,ARTIGAS,7,9.03365682428247
2020,HOMICIDIO,3,CANELONES,44,7.225433526011561
2020,HOMICIDIO,999,Centros Carcelarios,18,
2020,HOMICIDIO,4,CERRO LARGO,2,2.197295129695345
2020,HOMICIDIO,5,COLONIA,3,2.209179878789664
2020,HOMICIDIO,6,DURAZNO,3,4.837929366231253
2020,HOMICIDIO,8,FLORIDA,4,5.687958591661452
2020,HOMICIDIO,9,LAVALLEJA,4,6.759839791796934
2020,HOMICIDIO,10,MALDONADO,24,11.270039539055382
2020,HOMICIDIO,1,MONTEVIDEO,172,13.200813538508768
2020,HOMICIDIO,11,PAYSANDU,8,6.566095963492506
2020,HOMICIDIO,12,RIO NEGRO,1,1.7440440894345808
2020,HOMICIDIO,13,RIVERA,16,14.638743263890795
2020,HOMICIDIO,14,ROCHA,8,9.912030727295255
2020,HOMICIDIO,15,SALTO,10,7.342413451301442
2020,HOMICIDIO,16,SAN JOSE,11,9.188259075494077
2020,HOMICIDIO,17,SORIANO,1,1.1949715596768797
2020,HOMICIDIO,18,TACUAREMBO,4,4.165972337943677
2020,HOMICIDIO,19,TREINTA Y TRES,1,2.0962163295252068
2021,HOMICIDIO,2,ARTIGAS,6,7.743134420813544
2021,HOMICIDIO,3,CANELONES,39,6.404361534419338
2021,HOMICIDIO,999,Centros Carcelarios,20,
2021,HOMICIDIO,4,CERRO LARGO,3,3.2959426945430175
2021,HOMICIDIO,9,LAVALLEJA,2,3.379919895898467
2021,HOMICIDIO,10,MALDONADO,15,7.043774711909614
2021,HOMICIDIO,1,MONTEVIDEO,174,13.354311370351896
2021,HOMICIDIO,11,PAYSANDU,8,6.566095963492506
2021,HOMICIDIO,12,RIO NEGRO,2,3.4880881788691616
2021,HOMICIDIO,13,RIVERA,17,15.553664717883969
2021,HOMICIDIO,14,ROCHA,4,4.956015363647627
2021,HOMICIDIO,15,SALTO,3,2.2027240353904327
2021,HOMICIDIO,16,SAN JOSE,6,5.0117776775422245
2021,HOMICIDIO,17,SORIANO,1,1.1949715596768797
2021,HOMICIDIO,18,TACUAREMBO,4,4.165972337943677
2021,HOMICIDIO,19,TREINTA Y TRES,2,4.1924326590504135
2022,HOMICIDIO,2,ARTIGAS,8,10.324179227751394
2022,HOMICIDIO,3,CANELONES,56,9.196006305832896
2022,HOMICIDIO,999,Centros Carcelarios,13,
2022,HOMICIDIO,4,CERRO LARGO,4,4.39459025939069
2022,HOMICIDIO,5,COLONIA,3,2.209179878789664
2022,HOMICIDIO,6,DURAZNO,3,4.837929366231253
2022,HOMICIDIO,7,FLORES,2,7.612957253245023
2022,HOMICIDIO,8,FLORIDA,4,5.687958591661452
2022,HOMICIDIO,9,LAVALLEJA,6,10.139759687695403
2022,HOMICIDIO,10,MALDONADO,12,5.635019769527691
2022,HOMICIDIO,1,MONTEVIDEO,216,16.577765839057523
2022,HOMICIDIO,11,PAYSANDU,4,3.283047981746253
2022,HOMICIDIO,13,RIVERA,18,16.468586171877146
2022,HOMICIDIO,14,ROCHA,8,9.912030727295255
2022,HOMICIDIO,15,SALTO,9,6.608172106171299
2022,HOMICIDIO,16,SAN JOSE,9,7.517666516313337
2022,HOMICIDIO,17,SORIANO,2,2.3899431193537595
2022,HOMICIDIO,18,TACUAREMBO,4,4.165972337943677
2022,HOMICIDIO,19,TREINTA Y TRES,2,4.1924326590504135
2023,HOMICIDIO,2,ARTIGAS,7,9.03365682428247
2023,HOMICIDIO,3,CANELONES,45,7.3896479243300055
2023,HOMICIDIO,999,Centros Carcelarios,19,
2023,HOMICIDIO,4,CERRO LARGO,2,2.197295129695345
2023,HOMICIDIO,5,COLONIA,9,6.627539636368992
2023,HOMICIDIO,6,DURAZNO,10,16.126431220770844
2023,HOMICIDIO,9,LAVALLEJA,5,8.449799739746167
2023,HOMICIDIO,10,MALDONADO,19,8.922114635085512
2023,HOMICIDIO,1,MONTEVIDEO,208,15.963774511685024
2023,HOMICIDIO,11,PAYSANDU,7,5.745333968055943
2023,HOMICIDIO,12,RIO NEGRO,2,3.4880881788691616
2023,HOMICIDIO,13,RIVERA,15,13.723821809897618
2023,HOMICIDIO,14,ROCHA,10,12.390038409119068
2023,HOMICIDIO,15,SALTO,3,2.2027240353904327
2023,HOMICIDIO,16,SAN JOSE,9,7.517666516313337
2023,HOMICIDIO,17,SORIANO,4,4.779886238707519
2023,HOMICIDIO,18,TACUAREMBO,6,6.248958506915514
2023,HOMICIDIO,19,TREINTA Y TRES,1,2.0962163295252068
2024,HOMICIDIO,2,ARTIGAS,3,3.871567210406772
2024,HOMICIDIO,3,CANELONES,46,7.553862322648449
2024,HOMICIDIO,999,Centros Carcelarios,16,
2024,HOMICIDIO,4,CERRO LARGO,3,3.2959426945430175
2024,HOMICIDIO,5,COLONIA,2,1.472786585859776
2024,HOMICIDIO,6,DURAZNO,5,8.063215610385422
2024,HOMICIDIO,7,FLORES,2,7.612957253245023
2024,HOMICIDIO,8,FLORIDA,3,4.265968943746089
2024,HOMICIDIO,9,LAVALLEJA,3,5.069879843847701
2024,HOMICIDIO,10,MALDONADO,23,10.800454558261409
2024,HOMICIDIO,1,MONTEVIDEO,231,17.728999577880963
2024,HOMICIDIO,11,PAYSANDU,7,5.745333968055943
2024,HOMICIDIO,12,RIO NEGRO,4,6.976176357738323
2024,HOMICIDIO,13,RIVERA,6,5.489528723959048
2024,HOMICIDIO,14,ROCHA,5,6.195019204559534
2024,HOMICIDIO,15,SALTO,4,2.936965380520577
2024,HOMICIDIO,16,SAN JOSE,8,6.682370236722965
2024,HOMICIDIO,17,SORIANO,1,1.1949715596768797
2024,HOMICIDIO,18,TACUAREMBO,5,5.207465422429595
2024,HOMICIDIO,19,TREINTA Y TRES,2,4.1924326590504135
